Mesh Name,Date,Measurement #,Break #,Colors,User Data,Angle,Number of Vertices,Radius,x,y,z,fit,SegParam,Position
AV104_3N1SE_17R1_36700,Wed Feb  9 12:43:49 2022,1,1,Red/Blue, ,115.998093,182,0.506742,6.71847,1.8464,7.3279,0.000716,2,N
AV104_3N1SE_17R1_36700,Wed Feb  9 12:45:12 2022,2,1,Red/Blue, ,74.980362,179,0.505669,11.7077,2.18857,8.02719,0.001058,2,S
AV104_3N1SE_17R1_36700,Wed Feb  9 12:45:30 2022,3,1,Red/Blue, ,103.354027,168,0.510859,9.34472,2.24857,5.59934,0.001623,2,W
AV104_3N1SE_17R1_36700,Wed Feb  9 12:45:51 2022,4,1,Red/Blue, ,30.757565,163,0.486589,8.83684,2.64809,10.1498,0.000686,2,E
AV104_3N1SE_17R1_36700,Wed Feb  9 12:46:12 2022,5,1,Red/Blue, ,67.381287,170,0.493911,7.6164,2.4234,4.9926,0.002568,2,NW
AV104_3N1SE_17R1_36700,Wed Feb  9 12:46:46 2022,6,1,Red/Blue, ,71.694695,174,0.498699,11.2608,2.19601,6.5201,0.001149,2,SW
AV104_3N1SE_17R1_36700,Wed Feb  9 12:47:06 2022,7,1,Red/Blue, ,46.242176,177,0.496273,10.963,2.75168,9.5782,0.001644,2,SE
AV104_3N1SE_17R1_36700,Wed Feb  9 12:47:20 2022,8,1,Red/Blue, ,54.48761,188,0.512674,7.10918,2.01116,9.232,0.001529,2,NE
AV112_SHELL1_3N1ESE_17R2_36500,Wed Feb  9 12:48:51 2022,1,1,Red/Blue, ,105.848564,159,0.494307,8.0203,1.95176,10.5136,0.001844,2,N
AV112_SHELL1_3N1ESE_17R2_36500,Wed Feb  9 12:49:12 2022,2,1,Red/Blue, ,106.511993,171,0.485135,6.91751,1.38937,14.198,0.001153,2,S
AV112_SHELL1_3N1ESE_17R2_36500,Wed Feb  9 12:50:01 2022,3,1,Red/Blue, ,91.413834,155,0.480052,9.809,4.21627,12.7013,0.000788,2,W
AV112_SHELL1_3N1ESE_17R2_36500,Wed Feb  9 12:50:21 2022,4,1,Red/Blue, ,64.347748,165,0.479102,4.86081,1.25836,11.1361,0.001119,2,E
AV112_SHELL1_3N1ESE_17R2_36500,Wed Feb  9 12:50:37 2022,5,1,Red/Blue, ,100.781364,151,0.495292,9.5205,3.74493,11.0865,0.000916,2,NW
AV112_SHELL1_3N1ESE_17R2_36500,Wed Feb  9 12:50:52 2022,6,1,Red/Blue, ,90.361183,152,0.48708,8.7127,2.72442,13.9708,0.001259,2,SW
AV112_SHELL1_3N1ESE_17R2_36500,Wed Feb  9 12:51:14 2022,7,1,Red/Blue, ,69.79409,181,0.478024,5.53266,1.0489,13.3287,0.002026,2,SE
AV112_SHELL1_3N1ESE_17R2_36500,Wed Feb  9 12:51:33 2022,8,1,Red/Blue, ,89.441086,186,0.50624,6.1739,1.51127,9.9762,0.00137,2,NE
AV112_SHELL2_3N1ESE_17R2_PS_36500,Wed Feb  9 12:53:22 2022,1,1,Red/Blue, ,142.913254,146,0.481406,4.61684,3.5197,10.9064,0.001045,2,N
AV112_SHELL2_3N1ESE_17R2_PS_36500,Wed Feb  9 12:53:49 2022,2,1,Red/Blue, ,41.196537,183,0.51746,2.8273,5.07041,7.39984,0.001849,2,S
AV112_SHELL2_3N1ESE_17R2_PS_36500,Wed Feb  9 12:54:18 2022,3,1,Red/Blue, ,81.458488,192,0.51868,2.6542,6.27235,10.7899,0.002272,2,W
AV112_SHELL2_3N1ESE_17R2_PS_36500,Wed Feb  9 12:54:46 2022,4,1,Red/Blue, ,67.565002,190,0.520777,5.0115,3.0581,8.4242,0.002197,2,E
AV112_SHELL2_3N1ESE_17R2_PS_36500,Wed Feb  9 12:55:19 2022,5,1,Red/Blue, ,97.81282,171,0.503069,3.41271,5.43513,11.8862,0.00146,2,NW
AV112_SHELL2_3N1ESE_17R2_PS_36500,Wed Feb  9 12:55:42 2022,6,1,Red/Blue, ,88.500969,184,0.520164,2.4234,5.62158,9.0012,0.001379,2,SW
AV112_SHELL2_3N1ESE_17R2_PS_36500,Wed Feb  9 12:55:59 2022,7,1,Red/Blue, ,48.784645,155,0.478331,3.9831,4.04203,7.03651,0.001289,2,SE
AV112_SHELL2_3N1ESE_17R2_PS_36500,Wed Feb  9 12:56:16 2022,8,1,Red/Blue, ,82.089561,197,0.517755,5.34253,2.9427,9.7513,0.001571,2,NE
AV120_2910_36800,Wed Feb  9 12:57:31 2022,1,1,Red/Blue, ,144.50972,145,0.503419,8.94239,3.00148,10.0963,0.000389,2,N
AV120_2910_36800,Wed Feb  9 12:57:45 2022,2,1,Red/Blue, ,104.362244,164,0.503623,8.9435,5.16553,15.4636,0.001459,2,S
AV120_2910_36800,Wed Feb  9 12:58:57 2022,3,1,Red/Blue, ,133.474899,176,0.509591,11.3135,6.3981,11.7708,0.000251,2,W
AV120_2910_36800,Wed Feb  9 12:59:14 2022,4,1,Red/Blue, ,82.460815,165,0.512014,5.77665,2.885,13.4503,0.001346,2,E
AV120_2910_36800,Wed Feb  9 13:01:25 2022,5,1,Red/Blue, ,135.61792,171,0.51188,11.1899,5.60087,10.1469,0.000341,2,NW
AV120_2910_36800,Wed Feb  9 13:01:37 2022,6,1,Red/Blue, ,129.120392,189,0.512061,10.645,6.5778,14.3673,0.001717,2,SW
AV120_2910_36800,Wed Feb  9 13:01:51 2022,7,1,Red/Blue, ,96.545692,163,0.494639,5.8277,4.17749,15.002,0.001259,2,SE
AV120_2910_36800,Wed Feb  9 13:02:04 2022,8,1,Red/Blue, ,108.858231,168,0.517414,7.21049,2.31647,11.6527,0.000486,2,NE
AV120_2915_37000,Wed Feb  9 13:03:25 2022,1,1,Red/Blue, ,140.594009,154,0.488633,5.4322,3.11198,8.6511,0.0004,2,N
AV120_2915_37000,Wed Feb  9 13:03:37 2022,2,1,Red/Blue, ,77.043144,172,0.51536,8.78067,1.5579,5.41153,0.00099,2,S
AV120_2915_37000,Wed Feb  9 13:03:50 2022,3,1,Red/Blue, ,130.274841,161,0.489448,5.5969,3.8219,5.12428,0.000451,2,W
AV120_2915_37000,Wed Feb  9 13:04:10 2022,4,1,Red/Blue, ,76.787827,157,0.483516,8.72421,2.4234,9.12862,0.00096,2,E
AV120_2915_37000,Wed Feb  9 13:04:25 2022,5,1,Red/Blue, ,104.977905,174,0.489528,4.4429,4.41369,6.347,0.002759,2,NW
AV120_2915_37000,Wed Feb  9 13:04:35 2022,6,1,Red/Blue, ,108.747833,156,0.489007,7.1016,2.60019,4.31959,0.000748,2,SW
AV120_2915_37000,Wed Feb  9 13:04:46 2022,7,1,Red/Blue, ,78.129776,156,0.478854,9.49407,1.731,7.2702,0.001341,2,SE
AV120_2915_37000,Wed Feb  9 13:04:57 2022,8,1,Red/Blue, ,108.217072,178,0.500698,6.924,2.81913,9.80454,0.000611,2,NE
AV120_2916_37000,Wed Feb  9 13:06:39 2022,1,1,Red/Blue, ,79.583328,174,0.494813,5.42916,3.40508,9.46217,0.001498,2,N
AV120_2916_37000,Wed Feb  9 13:07:16 2022,2,1,Red/Blue, ,88.099403,159,0.492215,6.5201,1.731,14.0425,0.001231,2,S
AV120_2916_37000,Wed Feb  9 13:07:39 2022,3,1,Red/Blue, ,123.274918,175,0.510367,9.1743,3.05275,11.355,0.000801,2,W
AV120_2916_37000,Wed Feb  9 13:07:47 2022,4,1,Red/Blue, ,69.071609,163,0.493462,3.04417,4.09151,12.7517,0.001135,2,E
AV120_2916_37000,Wed Feb  9 13:08:02 2022,5,1,Red/Blue, ,61.859089,170,0.489393,8.41626,3.80393,9.69904,0.002022,2,NW
AV120_2916_37000,Wed Feb  9 13:08:16 2022,6,1,Red/Blue, ,75.379684,184,0.499718,8.54811,2.19458,13.3887,0.003919,2,SW
AV120_2916_37000,Wed Feb  9 13:08:27 2022,7,1,Red/Blue, ,48.785328,170,0.500365,4.61567,3.1154,14.5978,0.001018,2,SE
AV120_2916_37000,Wed Feb  9 13:08:38 2022,8,1,Red/Blue, ,85.131248,163,0.506382,3.2312,3.97099,10.7322,0.001551,2,NE
AV125_3381_37000,Thu Feb 10 10:15:54 2022,1,1,Red/Blue,,140.118637,186,0.527086,7.0394,4.21331,8.71108,0.001206,2,N
AV125_3381_37000,Thu Feb 10 10:16:14 2022,2,1,Red/Blue,,92.125168,180,0.538602,5.14946,8.12557,4.8468,0.001336,2,S
AV125_3381_37000,Thu Feb 10 10:16:40 2022,3,1,Red/Blue,,100.22216,173,0.519718,3.76657,4.9045,6.4047,0.000854,2,W
AV125_3381_37000,Thu Feb 10 10:16:52 2022,4,1,Red/Blue,,89.765327,175,0.521743,8.0203,8.7704,8.16226,0.001559,2,E
AV125_3381_37000,Thu Feb 10 10:17:07 2022,5,1,Red/Blue,,87.318474,183,0.521225,4.96257,3.69336,7.67388,0.001655,2,NW
AV125_3381_37000,Thu Feb 10 10:17:19 2022,6,1,Red/Blue,,63.436275,148,0.499909,3.98567,6.5107,5.0199,0.000607,2,SW
AV125_3381_37000,Thu Feb 10 10:17:29 2022,7,1,Red/Blue,,103.087234,176,0.51764,6.55483,9.4051,6.5201,0.001165,2,SE
AV125_3381_37000,Thu Feb 10 10:17:57 2022,8,1,Red/Blue,,97.330009,157,0.481749,8.5973,6.1739,8.96571,0.001271,2,NE
AV125_3486_37000,Thu Feb 10 10:20:03 2022,1,1,Red/Blue,,80.722137,173,0.501936,4.3275,3.40894,9.81415,0.001786,2,N
AV125_3486_37000,Thu Feb 10 10:20:19 2022,2,1,Red/Blue,,79.001724,174,0.490419,4.6737,1.6156,6.04399,0.001149,2,S
AV125_3486_37000,Thu Feb 10 10:20:45 2022,3,1,Red/Blue,,100.240768,174,0.512515,2.5965,3.75397,7.09081,0.000465,2,W
AV125_3486_37000,Thu Feb 10 10:20:59 2022,4,1,Red/Blue,,45.844852,184,0.49598,6.79782,2.17971,8.3088,0.001598,2,E
AV125_3486_37000,Thu Feb 10 10:21:14 2022,5,1,Red/Blue,,65.089172,173,0.491859,2.885,4.02397,8.5973,0.002399,2,NW
AV125_3486_37000,Thu Feb 10 10:21:24 2022,6,1,Red/Blue,,52.622749,169,0.518209,3.4043,2.53015,6.29998,0.001208,2,SW
AV125_3486_37000,Thu Feb 10 10:21:33 2022,7,1,Red/Blue,,67.534203,180,0.504622,6.1162,1.6299,6.79702,0.001972,2,SE
AV125_3486_37000,Thu Feb 10 10:21:44 2022,8,1,Red/Blue,,58.257122,180,0.493488,5.94244,2.71155,9.63521,0.002544,2,NE
AV125_3494_37000,Thu Feb 10 10:22:54 2022,1,1,Red/Blue,,126.797867,173,0.502704,7.0971,3.56228,7.6741,0.000346,2,N
AV125_3494_37000,Thu Feb 10 10:23:09 2022,2,1,Red/Blue,,104.42514,164,0.479426,7.0394,1.2694,13.4585,0.000723,2,S
AV125_3494_37000,Thu Feb 10 10:23:33 2022,3,1,Red/Blue,,102.998131,175,0.514986,9.1743,4.09911,10.5642,0.00043,2,W
AV125_3494_37000,Thu Feb 10 10:23:42 2022,4,1,Red/Blue,,57.263699,191,0.513096,3.5774,2.08165,10.4522,0.001196,2,E
AV125_3494_37000,Thu Feb 10 10:24:00 2022,5,1,Red/Blue,,99.147964,180,0.499942,8.81535,4.44655,8.8281,0.002938,2,NW
AV125_3494_37000,Thu Feb 10 10:24:09 2022,6,1,Red/Blue,,110.267715,164,0.515811,8.8858,3.02949,12.8671,0.000522,2,SW
AV125_3494_37000,Thu Feb 10 10:24:19 2022,7,1,Red/Blue,,62.757355,177,0.502207,4.90365,1.38459,12.8668,0.001133,2,SE
AV125_3494_37000,Thu Feb 10 10:24:39 2022,8,1,Red/Blue,,73.709656,170,0.516645,4.31965,2.66545,8.655,0.001355,2,NE
AV125_3575_37000,Thu Feb 10 10:25:39 2022,1,1,Red/Blue,,116.722084,184,0.524258,4.44284,3.05799,8.02028,0.000695,2,N
AV125_3575_37000,Thu Feb 10 10:25:51 2022,2,1,Red/Blue,,101.380112,192,0.523143,5.193,8.10078,4.5583,0.001598,2,S
AV125_3575_37000,Thu Feb 10 10:26:06 2022,3,1,Red/Blue,,103.302216,162,0.505154,1.9041,7.04283,7.9669,0.000831,2,W
AV125_3575_37000,Thu Feb 10 10:26:22 2022,4,1,Red/Blue,,50.379387,210,0.522702,8.7127,6.1162,7.01786,0.003521,2,E
AV125_3575_37000,Thu Feb 10 10:26:43 2022,5,1,Red/Blue,,81.102783,191,0.525319,1.9041,5.4238,9.30616,0.002177,2,NW
AV125_3575_37000,Thu Feb 10 10:27:05 2022,6,1,Red/Blue,,100.825653,159,0.506733,3.1735,7.48925,6.0585,0.00062,2,SW
AV125_3575_37000,Thu Feb 10 10:27:23 2022,7,1,Red/Blue,,129.251007,161,0.487024,7.0394,8.08968,5.193,0.000405,2,SE
AV125_3575_37000,Thu Feb 10 10:27:42 2022,8,1,Red/Blue,,96.708809,164,0.492374,6.924,3.2889,7.51913,0.001342,2,NE
AV125_3578_37000,Thu Feb 10 10:43:52 2022,1,1,Red/Blue,,126.048943,177,0.521316,5.1353,3.9813,7.87139,0.002987,2,N
AV125_3578_37000,Thu Feb 10 10:44:11 2022,2,1,Red/Blue,,102.839386,189,0.523691,6.91604,8.71015,4.43728,0.001152,2,S
AV125_3578_37000,Thu Feb 10 10:44:36 2022,3,1,Red/Blue,,81.513344,148,0.484289,3.3466,7.8423,6.97575,0.001036,2,W
AV125_3578_37000,Thu Feb 10 10:44:48 2022,4,1,Red/Blue,,52.948631,191,0.521013,9.51394,6.0008,6.68981,0.001084,2,E
AV125_3578_37000,Thu Feb 10 10:45:01 2022,5,1,Red/Blue,,120.403152,165,0.5052,3.17066,5.9396,7.90278,0.00031,2,NW
AV125_3578_37000,Thu Feb 10 10:45:11 2022,6,1,Red/Blue,,52.193729,163,0.512303,4.7314,8.5852,5.17953,0.001381,2,SW
AV125_3578_37000,Thu Feb 10 10:45:22 2022,7,1,Red/Blue,,72.992821,164,0.484738,8.9435,7.4433,5.62937,0.001834,2,SE
AV125_3578_37000,Thu Feb 10 10:46:01 2022,8,1,Red/Blue,,109.018761,151,0.488487,8.1357,3.8659,7.76785,0.001503,2,NE
AV137_3775_37000,Thu Feb 10 10:49:04 2022,1,1,Red/Blue,,121.2808,176,0.498853,8.77606,2.99021,9.7513,0.001065,2,N
AV137_3775_37000,Thu Feb 10 10:55:29 2022,2,1,Red/Blue,,97.092911,157,0.502345,3.0004,6.26873,9.232,0.000791,2,S
AV137_3775_37000,Thu Feb 10 10:55:38 2022,3,1,Red/Blue,,76.771309,180,0.509556,7.2125,6.2487,11.5977,0.001474,2,W
AV137_3775_37000,Thu Feb 10 10:55:49 2022,4,1,Red/Blue,,57.813747,167,0.501874,5.36119,3.39733,6.52491,0.001452,2,E
AV137_3775_37000,Thu Feb 10 10:55:56 2022,5,1,Red/Blue,,86.12117,171,0.504368,8.51829,4.8468,11.3669,0.001044,2,NW
AV137_3775_37000,Thu Feb 10 10:56:08 2022,6,1,Red/Blue,,45.815918,177,0.501524,5.0199,6.60221,11.0207,0.001285,2,SW
AV137_3775_37000,Thu Feb 10 10:56:15 2022,7,1,Red/Blue,,60.864712,149,0.501928,3.74825,4.96077,7.50268,0.000651,2,SE
AV137_3775_37000,Thu Feb 10 10:56:28 2022,8,1,Red/Blue,,86.638504,177,0.523308,7.20429,2.4234,8.4307,0.000672,2,NE
AV140_3834_36500,Thu Feb 10 11:01:48 2022,1,1,Red/Blue,,129.958664,176,0.515525,8.00837,3.9236,9.01226,0.000977,2,N
AV140_3834_36500,Thu Feb 10 11:01:59 2022,2,1,Red/Blue,,103.27578,152,0.501276,10.3283,6.77466,5.193,0.000931,2,S
AV140_3834_36500,Thu Feb 10 11:02:12 2022,3,1,Red/Blue,,72.040413,184,0.488742,7.12533,5.3661,5.6546,0.002657,2,W
AV140_3834_36500,Thu Feb 10 11:02:23 2022,4,1,Red/Blue,,61.932583,187,0.50529,11.0896,7.14355,9.2897,0.002487,2,E
AV140_3834_36500,Thu Feb 10 11:02:36 2022,5,1,Red/Blue,,57.611366,184,0.501507,6.44033,4.7314,6.8086,0.003802,2,NW
AV140_3834_36500,Thu Feb 10 11:02:48 2022,6,1,Red/Blue,,58.91946,176,0.490186,8.7704,6.26498,4.5583,0.002558,2,SW
AV140_3834_36500,Thu Feb 10 11:02:59 2022,7,1,Red/Blue,,83.469124,178,0.499626,11.264,7.43045,6.9817,0.000974,2,SE
AV140_3834_36500,Thu Feb 10 11:03:13 2022,8,1,Red/Blue,,94.929047,152,0.485269,10.0403,5.01961,9.9818,0.000285,2,NE
AV140_3833_37400,Thu Feb 10 11:04:12 2022,1,1,Red/Blue,,104.637558,150,0.491163,8.4819,5.07329,6.92998,0.001792,2,N
AV140_3833_37400,Thu Feb 10 11:04:26 2022,2,1,Red/Blue,,93.737144,158,0.485052,6.52182,2.42133,10.673,0.001156,2,S
AV140_3833_37400,Thu Feb 10 11:04:38 2022,3,1,Red/Blue,,91.494957,170,0.506088,8.8858,5.4039,9.809,0.00146,2,W
AV140_3833_37400,Thu Feb 10 11:04:48 2022,4,1,Red/Blue,,62.820972,177,0.499332,5.94838,3.17025,7.04725,0.001817,2,E
AV140_3833_37400,Thu Feb 10 11:05:01 2022,5,1,Red/Blue,,85.831032,160,0.491354,9.4051,6.14665,8.655,0.001626,2,NW
AV140_3833_37400,Thu Feb 10 11:05:13 2022,6,1,Red/Blue,,75.065247,170,0.504236,8.02532,3.97897,10.4989,0.0007,2,SW
AV140_3833_37400,Thu Feb 10 11:05:26 2022,7,1,Red/Blue,,57.857502,174,0.485186,5.30275,2.31021,9.17619,0.001098,2,SE
AV140_3833_37400,Thu Feb 10 11:05:55 2022,8,1,Red/Blue,,62.233944,193,0.511542,7.38855,4.20806,6.63688,0.003934,2,NE
AV140_3835_37200,Thu Feb 10 11:06:58 2022,1,1,Red/Blue,,80.204239,143,0.489619,2.47765,5.30626,5.20106,0.000844,2,N
AV140_3835_37200,Thu Feb 10 11:07:09 2022,2,1,Red/Blue,,111.16011,147,0.483202,3.75939,2.8273,9.30355,0.000733,2,S
AV140_3835_37200,Thu Feb 10 11:07:22 2022,3,1,Red/Blue,,97.282204,161,0.483589,5.24994,3.46087,5.94154,0.000971,2,W
AV140_3835_37200,Thu Feb 10 11:07:34 2022,4,1,Red/Blue,,37.461887,188,0.507855,1.9011,6.34519,8.5963,0.001281,2,E
AV140_3835_37200,Thu Feb 10 11:07:50 2022,5,1,Red/Blue,,64.345154,185,0.506484,4.86546,4.2121,4.9045,0.00343,2,NW
AV140_3835_37200,Thu Feb 10 11:08:03 2022,6,1,Red/Blue,,70.171654,173,0.504226,4.82317,2.6542,7.6164,0.001087,2,SW
AV140_3835_37200,Thu Feb 10 11:08:18 2022,7,1,Red/Blue,,85.956741,157,0.491774,2.7696,4.616,9.77461,0.000994,2,SE
AV140_3835_37200,Thu Feb 10 11:08:32 2022,8,1,Red/Blue,,41.327446,203,0.509384,1.6156,6.83249,6.8086,0.002056,2,NE
AV140_3836_37000,Thu Feb 10 11:10:45 2022,1,1,Red/Blue,,78.74894,170,0.513411,9.09614,2.9427,6.5778,0.001378,2,N
AV140_3836_37000,Thu Feb 10 11:11:23 2022,2,1,Red/Blue,,61.527088,151,0.506119,12.4055,4.67437,6.0617,0.003443,2,S
AV140_3836_37000,Thu Feb 10 11:11:44 2022,3,1,Red/Blue,,108.179253,172,0.498974,9.2897,5.06377,4.2121,0.001261,2,W
AV140_3836_37000,Thu Feb 10 11:11:52 2022,4,1,Red/Blue,,57.796848,153,0.497809,10.8802,3.5197,9.0012,0.001176,2,E
AV140_3836_37000,Thu Feb 10 11:12:06 2022,5,1,Red/Blue,,88.609573,161,0.484595,8.64332,4.05096,4.9622,0.001024,2,NW
AV140_3836_37000,Thu Feb 10 11:12:19 2022,6,1,Red/Blue,,42.85902,170,0.502204,11.0207,4.94949,4.74496,0.00096,2,SW
AV140_3836_37000,Thu Feb 10 11:12:28 2022,7,1,Red/Blue,,31.251469,194,0.505908,12.2858,4.78381,8.4819,0.004638,2,SE
AV140_3836_37000,Thu Feb 10 11:12:42 2022,8,1,Red/Blue,,86.425262,173,0.507747,9.56838,2.7119,8.38038,0.001292,2,NE
AV140_3838_37000,Thu Feb 10 11:13:44 2022,1,1,Red/Blue,,110.801086,166,0.508238,7.15935,4.7953,6.06514,0.000481,2,N
AV140_3838_37000,Thu Feb 10 11:14:14 2022,2,1,Red/Blue,,105.586609,179,0.508791,8.1278,9.1166,13.2787,0.001177,2,S
AV140_3838_37000,Thu Feb 10 11:14:20 2022,3,1,Red/Blue,,54.516609,185,0.508464,5.08058,9.17617,9.80325,0.001093,2,W
AV140_3838_37000,Thu Feb 10 11:14:29 2022,4,1,Red/Blue,,49.1604,193,0.508704,9.4051,5.04809,11.2515,0.001358,2,E
AV140_3838_37000,Thu Feb 10 11:14:43 2022,5,1,Red/Blue,,89.455383,177,0.510028,5.5969,8.39458,8.1357,0.000768,2,NW
AV140_3838_37000,Thu Feb 10 11:14:54 2022,6,1,Red/Blue,,104.624741,173,0.480706,5.8277,10.0109,12.3478,0.002725,2,SW
AV140_3838_37000,Thu Feb 10 11:15:05 2022,7,1,Red/Blue,,94.603134,158,0.482967,8.33399,7.0971,13.7326,0.000473,2,SE
AV140_3838_37000,Thu Feb 10 11:15:15 2022,8,1,Red/Blue,,97.637978,195,0.515403,9.30662,4.2121,8.5396,0.002578,2,NE
AV140_3839_36700,Thu Feb 10 11:16:16 2022,1,1,Red/Blue,,101.967506,166,0.488354,6.98376,2.24909,8.71381,0.000413,2,N
AV140_3839_36700,Thu Feb 10 11:16:26 2022,2,1,Red/Blue,,67.643135,175,0.488123,8.1357,3.35641,12.8671,0.001488,2,S
AV140_3839_36700,Thu Feb 10 11:16:35 2022,3,1,Red/Blue,,78.168465,161,0.479841,9.6936,3.96969,9.6936,0.001556,2,W
AV140_3839_36700,Thu Feb 10 11:16:42 2022,4,1,Red/Blue,,50.395206,167,0.497046,5.32143,2.70054,11.3092,0.001226,2,E
AV140_3839_36700,Thu Feb 10 11:16:50 2022,5,1,Red/Blue,,67.87722,164,0.491229,8.87652,3.39935,8.31275,0.001905,2,NW
AV140_3839_36700,Thu Feb 10 11:16:59 2022,6,1,Red/Blue,,57.852146,166,0.481802,9.3474,3.81643,11.8862,0.001231,2,SW
AV140_3839_36700,Thu Feb 10 11:17:09 2022,7,1,Red/Blue,,53.859055,168,0.508244,6.0585,3.66476,12.9825,0.000848,2,SE
AV140_3839_36700,Thu Feb 10 11:17:18 2022,8,1,Red/Blue,,61.111416,186,0.497898,5.41631,2.308,9.68918,0.001877,2,NE
AV140_3840_37000,Thu Feb 10 11:18:12 2022,1,1,Red/Blue,,85.49855,169,0.511779,6.6932,2.7696,5.96913,0.000712,2,N
AV140_3840_37000,Thu Feb 10 11:18:31 2022,2,1,Red/Blue,,73.77578,185,0.511476,5.54006,6.34654,3.05746,0.001446,2,S
AV140_3840_37000,Thu Feb 10 11:18:46 2022,3,1,Red/Blue,,75.856422,174,0.514206,3.15987,5.08285,5.4238,0.001067,2,W
AV140_3840_37000,Thu Feb 10 11:19:08 2022,4,1,Red/Blue,,65.458633,145,0.485903,9.0589,5.8854,4.8521,0.000561,2,E
AV140_3840_37000,Thu Feb 10 11:19:24 2022,5,1,Red/Blue,,61.19857,161,0.496937,3.4043,3.9236,6.65493,0.001672,2,NW
AV140_3840_37000,Thu Feb 10 11:19:32 2022,6,1,Red/Blue,,55.494953,159,0.498403,3.9236,6.02788,3.8082,0.001086,2,SW
AV140_3840_37000,Thu Feb 10 11:19:41 2022,7,1,Red/Blue,,63.92794,168,0.499058,7.56754,6.57401,3.56951,0.001042,2,SE
AV140_3840_37000,Thu Feb 10 11:19:53 2022,8,1,Red/Blue,,66.667572,175,0.506625,9.2897,4.22264,6.0051,0.002101,2,NE
AV140_3846_36500,Thu Feb 10 11:29:37 2022,1,1,Red/Blue,,115.200188,179,0.490081,7.98818,3.2889,8.655,0.002905,2,N
AV140_3846_36500,Thu Feb 10 11:29:49 2022,2,1,Red/Blue,,98.37619,182,0.49662,3.29367,3.86343,5.36981,0.001889,2,S
AV140_3846_36500,Thu Feb 10 11:30:00 2022,3,1,Red/Blue,,118.163841,176,0.512727,4.7314,6.71548,9.1166,0.002816,2,W
AV140_3846_36500,Thu Feb 10 11:30:12 2022,4,1,Red/Blue,,73.881035,181,0.503857,7.22617,2.77576,4.3852,0.002042,2,E
AV140_3846_36500,Thu Feb 10 11:30:23 2022,5,1,Red/Blue,,136.773911,171,0.515012,6.4624,5.85977,10.0975,0.001219,2,NW
AV140_3846_36500,Thu Feb 10 11:30:32 2022,6,1,Red/Blue,,129.874557,160,0.497017,3.1735,5.24295,7.2802,0.000688,2,SW
AV140_3846_36500,Thu Feb 10 11:30:43 2022,7,1,Red/Blue,,113.019035,178,0.503587,5.36939,3.17522,4.2676,0.001037,2,SE
AV140_3846_36500,Thu Feb 10 11:30:52 2022,8,1,Red/Blue,,121.860046,169,0.49434,8.82628,2.47928,6.6422,0.000915,2,NE
AV140_3847_37000,Thu Feb 10 11:31:53 2022,1,1,Red/Blue,,82.111893,156,0.499175,8.9435,3.4043,8.5205,0.001813,2,N
AV140_3847_37000,Thu Feb 10 11:32:13 2022,2,1,Red/Blue,,85.3088,176,0.508631,7.64632,5.4238,4.9622,0.001349,2,S
AV140_3847_37000,Thu Feb 10 11:33:02 2022,3,1,Red/Blue,,95.014183,175,0.510759,5.712,3.63543,7.2125,0.001487,2,W
AV140_3847_37000,Thu Feb 10 11:33:12 2022,4,1,Red/Blue,,27.741571,166,0.494573,9.74076,7.501,6.87849,0.001711,2,E
AV140_3847_37000,Thu Feb 10 11:33:27 2022,5,1,Red/Blue,,55.040676,194,0.499595,5.70903,3.17929,8.89062,0.002352,2,NW
AV140_3847_37000,Thu Feb 10 11:33:42 2022,6,1,Red/Blue,,90.50679,154,0.492836,6.40754,4.03607,5.94797,0.001846,2,SW
AV140_3847_37000,Thu Feb 10 11:33:54 2022,7,1,Red/Blue,,63.958214,151,0.500677,8.75392,6.6932,5.6546,0.00155,2,SE
AV140_3847_37000,Thu Feb 10 11:34:03 2022,8,1,Red/Blue,,38.769184,185,0.510249,10.5591,5.3661,8.50425,0.000824,2,NE
AV137_3777_37000,Thu Feb 10 11:40:59 2022,1,1,Red/Blue,,125.908142,167,0.484574,6.7509,0.572444,9.98812,0.00033,2,N
AV137_3777_37000,Thu Feb 10 11:41:09 2022,2,1,Red/Blue,,97.033752,181,0.504066,5.6546,3.19879,15.4059,0.000834,2,S
AV137_3777_37000,Thu Feb 10 11:41:22 2022,3,1,Red/Blue,,87.625847,164,0.4916,9.2897,3.15525,13.3287,0.000988,2,W
AV137_3777_37000,Thu Feb 10 11:41:35 2022,4,1,Red/Blue,,61.399815,184,0.49194,2.19764,4.50812,10.9009,0.001243,2,E
AV137_3777_37000,Thu Feb 10 11:41:45 2022,5,1,Red/Blue,,106.880325,156,0.488052,9.7513,2.165,10.8476,0.00113,2,NW
AV137_3777_37000,Thu Feb 10 11:41:54 2022,6,1,Red/Blue,,89.321533,167,0.502607,7.8472,3.3744,15.2328,0.001457,2,SW
AV137_3777_37000,Thu Feb 10 11:42:07 2022,7,1,Red/Blue,,74.760971,169,0.502833,3.36075,4.68125,13.9634,0.001579,2,SE
AV137_3777_37000,Thu Feb 10 11:42:32 2022,8,1,Red/Blue,,74.173256,151,0.489766,3.462,1.8464,10.2886,0.001098,2,NE
AV140_3848_37000,Thu Feb 10 11:50:40 2022,1,1,Red/Blue,,113.191414,161,0.489817,1.21696,5.25823,6.5728,0.000606,2,N
AV140_3848_37000,Thu Feb 10 11:50:56 2022,2,1,Red/Blue,,109.230881,189,0.504844,0.575228,5.18823,11.7678,0.000463,2,S
AV140_3848_37000,Thu Feb 10 11:51:07 2022,3,1,Red/Blue,,89.897018,150,0.492625,2.9958,1.66949,9.9193,0.000695,2,W
AV140_3848_37000,Thu Feb 10 11:51:17 2022,4,1,Red/Blue,,76.413864,173,0.509991,2.20303,8.655,10.0398,0.000874,2,E
AV140_3848_37000,Thu Feb 10 11:51:30 2022,5,1,Red/Blue,,82.434273,179,0.500095,3.98037,1.56036,8.0203,0.003447,2,NW
AV140_3848_37000,Thu Feb 10 11:51:43 2022,6,1,Red/Blue,,90.327835,158,0.510662,1.49315,2.7119,11.3577,0.000886,2,SW
AV140_3848_37000,Thu Feb 10 11:51:55 2022,7,1,Red/Blue,,83.108803,155,0.482289,1.5579,7.55105,11.7213,0.001151,2,SE
AV140_3848_37000,Thu Feb 10 11:52:12 2022,8,1,Red/Blue,,71.029762,161,0.489537,1.731,8.3665,7.65931,0.001517,2,NE
AV140_3849_37000,Thu Feb 10 11:56:18 2022,1,1,Red/Blue,,80.307571,153,0.49681,5.9431,1.7887,10.8172,0.00114,2,N
AV140_3849_37000,Thu Feb 10 11:56:26 2022,2,1,Red/Blue,,106.925179,150,0.485956,5.3661,4.49373,14.8167,0.000814,2,S
AV140_3849_37000,Thu Feb 10 11:56:42 2022,3,1,Red/Blue,,89.930115,154,0.479578,8.42992,3.75423,12.7517,0.001958,2,W
AV140_3849_37000,Thu Feb 10 11:56:52 2022,4,1,Red/Blue,,61.094246,164,0.495262,2.9427,4.32116,11.9537,0.001051,2,E
AV140_3849_37000,Thu Feb 10 11:57:04 2022,5,1,Red/Blue,,92.5037,162,0.497092,8.5973,2.885,11.051,0.00106,2,NW
AV140_3849_37000,Thu Feb 10 11:57:15 2022,6,1,Red/Blue,,81.660515,156,0.485059,7.37652,4.55515,14.546,0.001424,2,SW
AV140_3849_37000,Thu Feb 10 11:57:26 2022,7,1,Red/Blue,,71.981575,145,0.479998,3.52694,5.02403,13.5018,0.000466,2,SE
AV140_3849_37000,Thu Feb 10 11:57:37 2022,8,1,Red/Blue,,82.061714,132,0.481061,3.8659,2.35813,10.5079,0.001406,2,NE
AV140_3851_36800,Thu Feb 10 11:58:28 2022,1,1,Red/Blue,,119.065002,147,0.482896,8.94501,5.71178,5.53862,0.000905,2,N
AV140_3851_36800,Thu Feb 10 11:58:39 2022,2,1,Red/Blue,,76.846619,152,0.482787,5.7718,3.69512,3.39878,0.001157,2,S
AV140_3851_36800,Thu Feb 10 11:58:51 2022,3,1,Red/Blue,,91.589676,141,0.481124,6.81081,2.7119,7.0364,0.000914,2,W
AV140_3851_36800,Thu Feb 10 11:59:00 2022,4,1,Red/Blue,,66.341446,152,0.480967,6.80963,7.03837,3.74962,0.000761,2,E
AV140_3851_36800,Thu Feb 10 11:59:10 2022,5,1,Red/Blue,,117.62616,145,0.480975,8.23792,3.6351,7.16831,0.000453,2,NW
AV140_3851_36800,Thu Feb 10 11:59:21 2022,6,1,Red/Blue,,75.879425,157,0.486967,6.19859,2.5965,4.9622,0.002051,2,SW
AV140_3851_36800,Thu Feb 10 11:59:55 2022,7,1,Red/Blue,,36.658695,174,0.493773,5.41981,5.66552,3.1158,0.001495,2,SE
AV140_3851_36800,Thu Feb 10 12:00:08 2022,8,1,Red/Blue,,76.572449,175,0.504728,8.3665,7.39638,4.9149,0.002706,2,NE
AV140_3853_36700,Thu Feb 10 12:01:00 2022,1,1,Red/Blue,,93.988113,166,0.494993,5.66226,2.0154,9.87148,0.000741,2,N
AV140_3853_36700,Thu Feb 10 12:01:10 2022,2,1,Red/Blue,,79.399422,156,0.485498,6.6932,3.28732,13.5057,0.000582,2,S
AV140_3853_36700,Thu Feb 10 12:01:28 2022,3,1,Red/Blue,,63.816746,165,0.486143,8.95506,3.99191,10.386,0.000983,2,W
AV140_3853_36700,Thu Feb 10 12:01:37 2022,4,1,Red/Blue,,98.396477,152,0.495868,3.2312,3.7532,11.9975,0.00058,2,E
AV140_3853_36700,Thu Feb 10 12:01:48 2022,5,1,Red/Blue,,115.517715,166,0.503961,8.0203,3.0581,9.32203,0.001314,2,NW
AV140_3853_36700,Thu Feb 10 12:02:00 2022,6,1,Red/Blue,,72.551186,144,0.477227,8.7127,4.04383,12.8671,0.000874,2,SW
AV140_3853_36700,Thu Feb 10 12:02:09 2022,7,1,Red/Blue,,64.28672,178,0.501472,4.5583,4.27533,13.6749,0.002938,2,SE
AV140_3853_36700,Thu Feb 10 12:02:18 2022,8,1,Red/Blue,,71.681343,173,0.495688,3.46753,2.76487,10.1613,0.003247,2,NE
AV140_3856_37000,Thu Feb 10 12:03:38 2022,1,1,Red/Blue,,130.42421,186,0.507733,2.82594,4.95552,5.3661,0.000674,2,N
AV140_3856_37000,Thu Feb 10 12:03:48 2022,2,1,Red/Blue,,73.203331,167,0.483929,1.37775,7.0971,10.6116,0.000898,2,S
AV140_3856_37000,Thu Feb 10 12:03:58 2022,3,1,Red/Blue,,88.520782,159,0.497106,2.71892,4.039,9.00899,0.000899,2,W
AV140_3856_37000,Thu Feb 10 12:04:15 2022,4,1,Red/Blue,,98.493439,151,0.484601,2.15561,8.5396,7.2125,0.001492,2,E
AV140_3856_37000,Thu Feb 10 12:04:26 2022,5,1,Red/Blue,,92.224892,172,0.479591,3.61408,3.0581,7.4433,0.002485,2,NW
AV140_3856_37000,Thu Feb 10 12:04:38 2022,6,1,Red/Blue,,60.655434,185,0.514224,1.95383,5.3661,11.1285,0.002443,2,SW
AV140_3856_37000,Thu Feb 10 12:04:55 2022,7,1,Red/Blue,,77.348625,171,0.485528,1.89435,8.52899,9.3474,0.001789,2,SE
AV140_3856_37000,Thu Feb 10 12:05:08 2022,8,1,Red/Blue,,109.812698,165,0.482048,2.68277,7.0394,4.9622,0.001702,2,NE
AV154_5060_37000,Thu Feb 10 13:03:32 2022,1,1,Red/Blue,,137.052719,170,0.507897,7.38831,3.11097,5.4238,0.000428,2,N
AV154_5060_37000,Thu Feb 10 13:03:47 2022,2,1,Red/Blue,,67.682053,155,0.492278,9.9915,6.39129,9.2897,0.000711,2,S
AV154_5060_37000,Thu Feb 10 13:03:57 2022,3,1,Red/Blue,,104.940689,176,0.503816,8.77899,6.91224,5.2507,0.000571,2,W
AV154_5060_37000,Thu Feb 10 13:04:10 2022,4,1,Red/Blue,,49.077785,172,0.512747,6.29211,3.28698,9.93283,0.001485,2,E
AV154_5060_37000,Thu Feb 10 13:04:25 2022,5,1,Red/Blue,,100.335487,156,0.507934,7.82615,5.8854,3.9813,0.001009,2,NW
AV154_5060_37000,Thu Feb 10 13:04:36 2022,6,1,Red/Blue,,78.326195,183,0.506312,9.73084,7.5587,7.2125,0.00051,2,SW
AV154_5060_37000,Thu Feb 10 13:04:45 2022,7,1,Red/Blue,,43.249489,161,0.498645,8.2511,5.0463,10.6168,0.001013,2,SE
AV154_5060_37000,Thu Feb 10 13:05:00 2022,8,1,Red/Blue,,101.189445,176,0.508387,6.08455,2.0772,7.501,0.001486,2,NE
AV154_5062_37000,Thu Feb 10 13:05:57 2022,1,1,Red/Blue,,81.848686,172,0.513624,5.8277,8.63656,8.4242,0.001047,2,N
AV154_5062_37000,Thu Feb 10 13:06:10 2022,2,1,Red/Blue,,95.470123,180,0.513725,9.97557,8.19578,5.13847,0.001231,2,S
AV154_5062_37000,Thu Feb 10 13:06:31 2022,3,1,Red/Blue,,58.763729,151,0.486626,9.4051,7.17725,8.4819,0.000649,2,W
AV154_5062_37000,Thu Feb 10 13:06:48 2022,4,1,Red/Blue,,36.263462,177,0.513108,6.10908,7.95806,4.3275,0.001673,2,E
AV154_5062_37000,Thu Feb 10 13:07:01 2022,5,1,Red/Blue,,44.716366,164,0.497385,7.85104,7.44457,9.40239,0.001396,2,NW
AV154_5062_37000,Thu Feb 10 13:07:27 2022,6,1,Red/Blue,,51.492325,181,0.513679,10.5591,7.49723,6.85784,0.002319,2,SW
AV154_5062_37000,Thu Feb 10 13:07:37 2022,7,1,Red/Blue,,51.8293,160,0.495366,8.0203,8.05102,4.1544,0.001369,2,SE
AV154_5062_37000,Thu Feb 10 13:07:51 2022,8,1,Red/Blue,,57.478561,154,0.485597,5.18645,8.76548,6.5778,0.001617,2,NE
AV154_5063_37000,Thu Feb 10 13:08:37 2022,1,1,Red/Blue,,94.791878,176,0.499941,6.6932,4.3852,3.19199,0.001892,2,N
AV154_5063_37000,Thu Feb 10 13:08:48 2022,2,1,Red/Blue,,99.325455,164,0.486513,10.5591,6.5201,3.08395,0.000615,2,S
AV154_5063_37000,Thu Feb 10 13:08:58 2022,3,1,Red/Blue,,75.236702,170,0.483778,7.33134,8.01901,3.17266,0.000764,2,W
AV154_5063_37000,Thu Feb 10 13:09:11 2022,4,1,Red/Blue,,40.039791,185,0.512997,9.6936,3.1735,5.05236,0.002039,2,E
AV154_5063_37000,Thu Feb 10 13:09:29 2022,5,1,Red/Blue,,62.855068,186,0.486685,5.88636,7.4433,3.40355,0.001468,2,NW
AV154_5063_37000,Thu Feb 10 13:09:41 2022,6,1,Red/Blue,,93.138206,172,0.486888,9.16869,7.78668,2.82521,0.00143,2,SW
AV154_5063_37000,Thu Feb 10 13:09:52 2022,7,1,Red/Blue,,63.517708,158,0.498609,10.8439,4.95987,4.21005,0.00103,2,SE
AV154_5063_37000,Thu Feb 10 13:10:13 2022,8,1,Red/Blue,,61.177902,167,0.487744,7.90199,2.7696,4.27054,0.001279,2,NE
AV154_5064_37000,Thu Feb 10 13:11:06 2022,1,1,Red/Blue,,122.418999,159,0.50297,5.77,3.11244,9.75281,0.000576,2,N
AV154_5064_37000,Thu Feb 10 13:11:17 2022,2,1,Red/Blue,,126.904953,173,0.504469,11.5929,5.8277,11.7747,0.000818,2,S
AV154_5064_37000,Thu Feb 10 13:11:27 2022,3,1,Red/Blue,,112.760094,168,0.496052,10.902,2.30681,8.82985,0.002943,2,W
AV154_5064_37000,Thu Feb 10 13:11:37 2022,4,1,Red/Blue,,56.513947,173,0.513055,7.3279,8.0203,10.7623,0.001538,2,E
AV154_5064_37000,Thu Feb 10 13:11:51 2022,5,1,Red/Blue,,120.096901,189,0.512929,8.078,1.6156,8.62231,0.000492,2,NW
AV154_5064_37000,Thu Feb 10 13:12:00 2022,6,1,Red/Blue,,100.543442,151,0.488128,12.0593,3.85893,10.5069,0.001012,2,SW
AV154_5064_37000,Thu Feb 10 13:12:30 2022,7,1,Red/Blue,,109.008194,162,0.496035,10.6785,8.06952,10.785,0.003126,2,SE
AV154_5064_37000,Thu Feb 10 13:12:43 2022,8,1,Red/Blue,,76.827927,163,0.494421,5.3084,5.83831,10.5,0.001163,2,NE
AV184_4440_37000,Thu Feb 10 13:13:33 2022,1,1,Red/Blue,,131.709259,174,0.495842,3.81502,2.54039,10.6784,0.000812,2,N
AV184_4440_37000,Thu Feb 10 13:13:47 2022,2,1,Red/Blue,,92.517395,169,0.485348,5.24984,2.88465,5.88688,0.001116,2,S
AV184_4440_37000,Thu Feb 10 13:13:57 2022,3,1,Red/Blue,,104.608749,175,0.509357,2.3657,3.83188,7.5587,0.001447,2,W
AV184_4440_37000,Thu Feb 10 13:14:13 2022,4,1,Red/Blue,,68.423782,171,0.486089,6.8663,2.33172,9.3474,0.001211,2,E
AV184_4440_37000,Thu Feb 10 13:14:28 2022,5,1,Red/Blue,,119.410248,151,0.480643,2.24419,3.40165,9.68513,0.000809,2,NW
AV184_4440_37000,Thu Feb 10 13:14:41 2022,6,1,Red/Blue,,116.557091,155,0.492222,3.462,3.41106,6.347,0.001141,2,SW
AV184_4440_37000,Thu Feb 10 13:14:48 2022,7,1,Red/Blue,,53.787392,167,0.494514,6.9817,2.91602,6.6932,0.001874,2,SE
AV184_4440_37000,Thu Feb 10 13:15:00 2022,8,1,Red/Blue,,145.536575,182,0.493252,5.4238,2.27642,10.8476,0.000425,2,NE
AV184_6260_36800,Thu Feb 10 13:16:01 2022,1,1,Red/Blue,,125.125771,168,0.501385,1.95243,7.57205,7.2702,0.001276,2,N
AV184_6260_36800,Thu Feb 10 13:16:12 2022,2,1,Red/Blue,,84.646584,156,0.500287,3.57282,8.19893,11.9388,0.002004,2,S
AV184_6260_36800,Thu Feb 10 13:16:32 2022,3,1,Red/Blue,,65.879631,200,0.4911,2.24593,5.2507,10.7425,0.004231,2,W
AV184_6260_36800,Thu Feb 10 13:16:48 2022,4,1,Red/Blue,,78.652153,163,0.500529,4.53751,9.7513,9.0012,0.003414,2,E
AV184_6260_36800,Thu Feb 10 13:17:00 2022,5,1,Red/Blue,,113.438202,159,0.484886,1.52208,5.4815,8.655,0.000662,2,NW
AV184_6260_36800,Thu Feb 10 13:17:10 2022,6,1,Red/Blue,,90.533356,167,0.485148,2.89569,6.16336,12.0593,0.001204,2,SW
AV184_6260_36800,Thu Feb 10 13:17:24 2022,7,1,Red/Blue,,72.672493,180,0.501144,4.92219,9.5205,10.7322,0.00265,2,SE
AV184_6260_36800,Thu Feb 10 13:17:45 2022,8,1,Red/Blue,,94.88887,184,0.492952,4.09513,9.40654,7.15618,0.003408,2,NE
AV184_6261_37000,Thu Feb 10 13:18:44 2022,1,1,Red/Blue,,137.454773,164,0.479791,5.0199,1.21024,9.97614,0.000526,2,N
AV184_6261_37000,Thu Feb 10 13:19:07 2022,2,1,Red/Blue,,93.173706,203,0.508908,4.6737,2.11223,4.7891,0.001336,2,S
AV184_6261_37000,Thu Feb 10 13:20:05 2022,3,1,Red/Blue,,132.612686,181,0.508545,2.4234,2.46018,8.4242,0.000218,2,W
AV184_6261_37000,Thu Feb 10 13:20:12 2022,4,1,Red/Blue,,100.692375,175,0.506236,7.9626,2.11393,7.6741,0.002025,2,E
AV184_6261_37000,Thu Feb 10 13:20:24 2022,5,1,Red/Blue,,123.376396,186,0.513809,2.6542,2.38055,9.9244,0.003068,2,NW
AV184_6261_37000,Thu Feb 10 13:20:41 2022,6,1,Red/Blue,,110.218971,179,0.497673,2.8273,2.16557,6.2893,0.001273,2,SW
AV184_6261_37000,Thu Feb 10 13:20:49 2022,7,1,Red/Blue,,63.933079,171,0.486599,7.1548,2.58541,5.6546,0.001561,2,SE
AV184_6261_37000,Thu Feb 10 13:20:57 2022,8,1,Red/Blue,,113.100792,167,0.489517,6.924,1.41544,9.232,0.001235,2,NE
AV184_6262_37000,Thu Feb 10 13:22:09 2022,1,1,Red/Blue,,147.841202,156,0.513838,4.22386,9.8667,6.88031,0.000309,2,N
AV184_6262_37000,Thu Feb 10 13:22:20 2022,2,1,Red/Blue,,128.569199,173,0.50467,2.308,4.94815,3.462,0.00056,2,S
AV184_6262_37000,Thu Feb 10 13:22:39 2022,3,1,Red/Blue,,148.145096,160,0.513973,5.89257,7.4971,3.06323,0.001118,2,W
AV184_6262_37000,Thu Feb 10 13:22:52 2022,4,1,Red/Blue,,67.018837,190,0.514741,2.47956,5.77271,8.13162,0.002502,2,E
AV184_6262_37000,Thu Feb 10 13:22:59 2022,5,1,Red/Blue,,143.523941,151,0.495325,5.78141,9.2897,4.34137,0.000205,2,NW
AV184_6262_37000,Thu Feb 10 13:23:09 2022,6,1,Red/Blue,,121.380966,163,0.508627,4.21615,5.53647,2.37487,0.001529,2,SW
AV184_6262_37000,Thu Feb 10 13:23:20 2022,7,1,Red/Blue,,87.877586,187,0.508875,2.02482,4.2645,5.6546,0.001378,2,SE
AV184_6262_37000,Thu Feb 10 13:23:30 2022,8,1,Red/Blue,,115.013145,161,0.481932,3.11112,8.3088,8.53187,0.000976,2,NE
AV184_6263_37000,Thu Feb 10 13:27:48 2022,1,1,Red/Blue,,117.122421,157,0.489596,7.7318,2.6542,8.22886,0.000925,2,N
AV184_6263_37000,Thu Feb 10 13:27:58 2022,2,1,Red/Blue,,82.512161,160,0.489165,6.79896,5.37151,3.9813,0.001048,2,S
AV184_6263_37000,Thu Feb 10 13:28:09 2022,3,1,Red/Blue,,82.680748,182,0.504348,4.56208,3.6284,5.93897,0.001352,2,W
AV184_6263_37000,Thu Feb 10 13:28:24 2022,4,1,Red/Blue,,53.909283,172,0.507168,9.5782,5.64192,6.7509,0.002262,2,E
AV184_6263_37000,Thu Feb 10 13:28:36 2022,5,1,Red/Blue,,69.784798,174,0.497465,5.1353,2.5388,7.47257,0.002174,2,NW
AV184_6263_37000,Thu Feb 10 13:28:49 2022,6,1,Red/Blue,,97.669846,157,0.498226,5.1353,4.60031,4.3852,0.000661,2,SW
AV184_6263_37000,Thu Feb 10 13:29:03 2022,7,1,Red/Blue,,58.295753,164,0.506653,8.3665,6.26287,4.7891,0.001668,2,SE
AV184_6263_37000,Thu Feb 10 13:29:14 2022,8,1,Red/Blue,,90.030724,136,0.478138,9.4051,3.96591,8.4819,0.000459,2,NE
AV184_6268_37000,Thu Feb 10 13:30:07 2022,1,1,Red/Blue,,115.273918,170,0.51132,6.5778,3.95957,9.7513,0.001063,2,N
AV184_6268_37000,Thu Feb 10 13:30:18 2022,2,1,Red/Blue,,99.912956,176,0.506878,8.078,2.1349,5.10654,0.000958,2,S
AV184_6268_37000,Thu Feb 10 13:30:31 2022,3,1,Red/Blue,,91.535995,149,0.486893,4.6737,3.27805,5.95457,0.000873,2,W
AV184_6268_37000,Thu Feb 10 13:30:40 2022,4,1,Red/Blue,,100.856926,164,0.487229,10.7322,4.74392,7.25777,0.000593,2,E
AV184_6268_37000,Thu Feb 10 13:30:50 2022,5,1,Red/Blue,,114.922813,172,0.506992,3.6351,4.40604,8.078,0.001073,2,NW
AV184_6268_37000,Thu Feb 10 13:31:00 2022,6,1,Red/Blue,,93.247536,169,0.484826,6.0585,2.43065,5.18487,0.000601,2,SW
AV184_6268_37000,Thu Feb 10 13:31:08 2022,7,1,Red/Blue,,79.968887,162,0.513179,9.8667,3.28559,6.00394,0.001585,2,SE
AV184_6268_37000,Thu Feb 10 13:31:18 2022,8,1,Red/Blue,,88.643761,156,0.495319,9.8566,5.78196,9.7513,0.001168,2,NE
AV184_6271_37000,Thu Feb 10 13:32:28 2022,1,1,Red/Blue,,140.294571,177,0.519318,4.67267,2.13465,9.2323,0.000779,2,N
AV184_6271_37000,Thu Feb 10 13:32:49 2022,2,1,Red/Blue,,55.827499,212,0.519614,5.4815,6.18915,14.0211,0.002571,2,S
AV184_6271_37000,Thu Feb 10 13:33:14 2022,3,1,Red/Blue,,96.05265,172,0.520264,8.655,3.81584,11.302,0.000783,2,W
AV184_6271_37000,Thu Feb 10 13:33:32 2022,4,1,Red/Blue,,45.940678,172,0.491979,2.08419,6.81642,9.97655,0.002308,2,E
AV184_6271_37000,Thu Feb 10 13:33:46 2022,5,1,Red/Blue,,128.266907,161,0.493299,7.7895,2.4811,9.67271,0.000855,2,NW
AV184_6271_37000,Thu Feb 10 13:34:03 2022,6,1,Red/Blue,,98.356239,164,0.50137,7.739,5.25849,13.1556,0.001045,2,SW
AV184_6271_37000,Thu Feb 10 13:34:19 2022,7,1,Red/Blue,,55.266716,195,0.510688,3.29135,7.09669,12.3484,0.003503,2,SE
AV184_6271_37000,Thu Feb 10 13:34:32 2022,8,1,Red/Blue,,161.080399,236,0.507227,1.8464,4.58072,8.5396,0.00982,2,NE
AV184_6274_37000,Thu Feb 10 13:35:31 2022,1,1,Red/Blue,,152.957962,148,0.495906,4.039,2.97108,10.963,0.000166,2,N
AV184_6274_37000,Thu Feb 10 13:35:40 2022,2,1,Red/Blue,,98.820305,170,0.499409,3.46553,2.88825,3.86054,0.000843,2,S
AV184_6274_37000,Thu Feb 10 13:35:47 2022,3,1,Red/Blue,,128.402893,171,0.506973,2.01879,5.1924,7.44094,0.000479,2,W
AV184_6274_37000,Thu Feb 10 13:36:03 2022,4,1,Red/Blue,,58.347717,190,0.4982,7.0863,1.6611,6.2893,0.001739,2,E
AV184_6274_37000,Thu Feb 10 13:36:51 2022,5,1,Red/Blue,,162.715668,167,0.505249,2.1408,5.4335,9.9244,0.000132,2,NW
AV184_6274_37000,Thu Feb 10 13:37:05 2022,6,1,Red/Blue,,101.466568,153,0.492206,2.24543,4.49608,4.97079,0.000688,2,SW
AV184_6274_37000,Thu Feb 10 13:37:15 2022,7,1,Red/Blue,,74.190735,171,0.511956,5.32232,2.02894,4.5583,0.001129,2,SE
AV184_6274_37000,Thu Feb 10 13:37:25 2022,8,1,Red/Blue,,136.887817,160,0.493053,6.5201,1.46654,9.809,0.000559,2,NE
AV184_6286_37200,Thu Feb 10 13:38:16 2022,1,1,Red/Blue,,114.569801,164,0.483977,6.8086,1.66404,7.72114,0.000662,2,N
AV184_6286_37200,Thu Feb 10 13:38:25 2022,2,1,Red/Blue,,71.804802,162,0.484979,5.6546,4.12841,3.5197,0.000957,2,S
AV184_6286_37200,Thu Feb 10 13:38:38 2022,3,1,Red/Blue,,95.712311,167,0.517045,3.1735,3.13986,6.1739,0.001399,2,W
AV184_6286_37200,Thu Feb 10 13:38:47 2022,4,1,Red/Blue,,51.190361,163,0.48618,9.0589,4.31432,6.0008,0.001557,2,E
AV184_6286_37200,Thu Feb 10 13:39:01 2022,5,1,Red/Blue,,107.474808,186,0.517017,4.04659,2.1339,7.84614,0.002708,2,NW
AV184_6286_37200,Thu Feb 10 13:39:11 2022,6,1,Red/Blue,,90.356415,157,0.500017,3.462,4.01324,4.2698,0.000905,2,SW
AV184_6286_37200,Thu Feb 10 13:39:21 2022,7,1,Red/Blue,,81.511452,172,0.53264,7.77435,6.1739,4.3275,0.000859,2,SE
AV184_6286_37200,Thu Feb 10 13:39:29 2022,8,1,Red/Blue,,45.612503,200,0.50392,9.2897,3.22356,8.06542,0.00264,2,NE
AV184_7536_37000,Thu Feb 10 13:40:43 2022,1,1,Red/Blue,,138.206223,165,0.489581,9.07983,4.4429,6.4047,0.000299,2,N
AV184_7536_37000,Thu Feb 10 13:40:51 2022,2,1,Red/Blue,,106.056557,170,0.497168,8.59616,8.02273,11.5453,0.001177,2,S
AV184_7536_37000,Thu Feb 10 13:41:01 2022,3,1,Red/Blue,,104.925652,172,0.48443,9.20714,8.9435,7.7318,0.000487,2,W
AV184_7536_37000,Thu Feb 10 13:41:14 2022,4,1,Red/Blue,,74.453033,167,0.484096,5.99653,4.44821,11.1361,0.001836,2,E
AV184_7536_37000,Thu Feb 10 13:41:26 2022,5,1,Red/Blue,,110.32975,186,0.503274,9.28338,7.2702,5.64508,0.001313,2,NW
AV184_7536_37000,Thu Feb 10 13:41:36 2022,6,1,Red/Blue,,96.325737,174,0.485913,9.11865,9.22612,9.9244,0.000592,2,SW
AV184_7536_37000,Thu Feb 10 13:41:47 2022,7,1,Red/Blue,,97.449577,164,0.513873,7.27348,5.99902,11.8226,0.001284,2,SE
AV184_7536_37000,Thu Feb 10 13:41:56 2022,8,1,Red/Blue,,87.745522,151,0.487577,7.14495,2.5388,8.53269,0.001925,2,NE
AV184_7538_37000,Thu Feb 10 13:42:57 2022,1,1,Red/Blue,,117.124443,148,0.485768,6.0008,3.64286,3.92748,0.001235,2,N
AV184_7538_37000,Thu Feb 10 13:43:14 2022,2,1,Red/Blue,,93.472626,183,0.519895,10.1533,5.13386,2.30609,0.001206,2,S
AV184_7538_37000,Thu Feb 10 13:43:23 2022,3,1,Red/Blue,,112.952789,162,0.506664,7.1417,6.8086,2.41047,0.000591,2,W
AV184_7538_37000,Thu Feb 10 13:43:43 2022,4,1,Red/Blue,,59.614677,158,0.485473,10.1495,2.93514,5.13153,0.001516,2,E
AV184_7538_37000,Thu Feb 10 13:43:54 2022,5,1,Red/Blue,,109.435455,172,0.505934,5.0199,6.1739,3.32166,0.001002,2,NW
AV184_7538_37000,Thu Feb 10 13:44:07 2022,6,1,Red/Blue,,64.464287,191,0.494678,8.8261,6.28881,2.0772,0.001993,2,SW
AV184_7538_37000,Thu Feb 10 13:44:17 2022,7,1,Red/Blue,,75.904945,172,0.494365,11.1899,4.20945,4.03302,0.001462,2,SE
AV184_7538_37000,Thu Feb 10 13:44:33 2022,8,1,Red/Blue,,84.000084,153,0.489864,7.62449,2.1261,5.53359,0.00103,2,NE
AV184_7550_37200,Thu Feb 10 13:45:47 2022,1,1,Red/Blue,,134.789383,141,0.489338,4.32674,2.134,8.88697,0.000657,2,N
AV184_7550_37200,Thu Feb 10 13:45:59 2022,2,1,Red/Blue,,77.136528,147,0.489766,3.1158,4.14892,13.4384,0.000867,2,S
AV184_7550_37200,Thu Feb 10 13:46:08 2022,3,1,Red/Blue,,111.185486,176,0.49874,6.8057,2.36406,12.0593,0.002089,2,W
AV184_7550_37200,Thu Feb 10 13:46:16 2022,4,1,Red/Blue,,56.539124,162,0.49072,1.7887,5.02497,9.3342,0.000795,2,E
AV184_7550_37200,Thu Feb 10 13:46:26 2022,5,1,Red/Blue,,122.821617,185,0.508048,7.27564,1.85102,10.0895,0.001712,2,NW
AV184_7550_37200,Thu Feb 10 13:46:34 2022,6,1,Red/Blue,,52.524025,185,0.482844,5.193,3.09811,13.5018,0.002822,2,SW
AV184_7550_37200,Thu Feb 10 13:46:51 2022,7,1,Red/Blue,,55.590302,181,0.508198,2.07026,5.53308,12.0539,0.001305,2,SE
AV184_7550_37200,Thu Feb 10 13:47:04 2022,8,1,Red/Blue,,85.086029,187,0.507234,2.59197,3.80145,7.68037,0.000876,2,NE
AV184_7556_37000,Thu Feb 10 13:48:04 2022,1,1,Red/Blue,,128.707275,165,0.486827,6.0585,2.07949,9.06207,0.000683,2,N
AV184_7556_37000,Thu Feb 10 13:48:30 2022,2,1,Red/Blue,,87.298744,166,0.513965,7.49389,4.38288,4.2698,0.000763,2,S
AV184_7556_37000,Thu Feb 10 13:48:37 2022,3,1,Red/Blue,,130.348816,161,0.495136,3.6928,5.15683,6.4047,0.000489,2,W
AV184_7556_37000,Thu Feb 10 13:49:06 2022,4,1,Red/Blue,,58.691807,168,0.494765,10.3283,3.94857,8.3088,0.001401,2,E
AV184_7556_37000,Thu Feb 10 13:49:16 2022,5,1,Red/Blue,,118.373741,156,0.496515,3.4043,4.0967,8.1702,0.000761,2,NW
AV184_7556_37000,Thu Feb 10 13:49:31 2022,6,1,Red/Blue,,115.224068,160,0.488838,5.5969,5.21982,4.4429,0.000418,2,SW
AV184_7556_37000,Thu Feb 10 13:49:40 2022,7,1,Red/Blue,,71.820412,177,0.51429,10.0398,4.60485,6.1162,0.001837,2,SE
AV184_7556_37000,Thu Feb 10 13:49:50 2022,8,1,Red/Blue,,105.571663,178,0.513383,7.9049,2.308,8.45003,0.001238,2,NE
AV184_7558_37000,Thu Feb 10 13:50:43 2022,1,1,Red/Blue,,130.218399,184,0.509638,6.46969,9.34367,8.65039,0.001232,2,N
AV184_7558_37000,Thu Feb 10 13:50:52 2022,2,1,Red/Blue,,91.45594,181,0.499943,5.8277,7.73386,14.7089,0.00086,2,S
AV184_7558_37000,Thu Feb 10 13:51:02 2022,3,1,Red/Blue,,130.726196,183,0.503772,3.1735,7.86238,10.8476,0.000585,2,W
AV184_7558_37000,Thu Feb 10 13:51:16 2022,4,1,Red/Blue,,65.897408,180,0.499063,9.5205,7.57202,11.2515,0.001513,2,E
AV184_7558_37000,Thu Feb 10 13:51:24 2022,5,1,Red/Blue,,130.04245,161,0.496759,4.039,8.77355,9.29371,0.000779,2,NW
AV184_7558_37000,Thu Feb 10 13:51:34 2022,6,1,Red/Blue,,105.396194,165,0.4969,3.6928,7.58965,13.6172,0.000923,2,SW
AV184_7558_37000,Thu Feb 10 13:51:47 2022,7,1,Red/Blue,,97.113319,157,0.495831,8.71416,7.21349,13.1537,0.001157,2,SE
AV184_7558_37000,Thu Feb 10 13:52:08 2022,8,1,Red/Blue,,126.208748,168,0.501724,8.3088,8.9435,9.38506,0.000891,2,NE
AV184_7575_37000,Thu Feb 10 13:53:06 2022,1,1,Red/Blue,,80.125122,173,0.50694,5.8277,4.71689,6.7509,0.001803,2,N
AV184_7575_37000,Thu Feb 10 13:53:21 2022,2,1,Red/Blue,,122.080795,171,0.507595,7.90883,2.14003,11.3702,0.001793,2,S
AV184_7575_37000,Thu Feb 10 13:53:32 2022,3,1,Red/Blue,,106.099968,156,0.509534,10.2706,4.7385,8.02822,0.001108,2,W
AV184_7575_37000,Thu Feb 10 13:53:39 2022,4,1,Red/Blue,,58.471069,162,0.507447,4.03399,4.44067,10.8405,0.000762,2,E
AV184_7575_37000,Thu Feb 10 13:53:46 2022,5,1,Red/Blue,,60.543652,159,0.49006,8.5973,5.43974,6.2893,0.001012,2,NW
AV184_7575_37000,Thu Feb 10 13:53:56 2022,6,1,Red/Blue,,75.570869,158,0.492272,9.69053,3.22748,9.51801,0.001847,2,SW
AV184_7575_37000,Thu Feb 10 13:54:12 2022,7,1,Red/Blue,,52.924805,179,0.508997,5.84053,3.41576,12.1747,0.000978,2,SE
AV184_7575_37000,Thu Feb 10 13:54:21 2022,8,1,Red/Blue,,77.722496,168,0.497114,3.5774,4.94408,8.7704,0.001515,2,NE
AV184_7577_37000,Thu Feb 10 13:55:13 2022,1,1,Red/Blue,,123.204552,160,0.505637,2.19149,3.17103,8.13827,0.000626,2,N
AV184_7577_37000,Thu Feb 10 13:55:23 2022,2,1,Red/Blue,,111.157654,147,0.479916,3.14567,4.8468,13.6172,0.000787,2,S
AV184_7577_37000,Thu Feb 10 13:55:33 2022,3,1,Red/Blue,,143.12944,172,0.514514,5.2507,1.7574,11.4823,0.000655,2,W
AV184_7577_37000,Thu Feb 10 13:55:42 2022,4,1,Red/Blue,,71.623398,174,0.514551,2.44808,7.6741,9.809,0.001886,2,E
AV184_7577_37000,Thu Feb 10 13:55:50 2022,5,1,Red/Blue,,107.930214,194,0.505982,5.19516,1.38835,9.28692,0.005176,2,NW
AV184_7577_37000,Thu Feb 10 13:56:00 2022,6,1,Red/Blue,,73.190781,153,0.488306,4.50192,3.00441,13.1556,0.000737,2,SW
AV184_7577_37000,Thu Feb 10 13:56:08 2022,7,1,Red/Blue,,62.73576,171,0.512807,2.82371,6.97065,12.2901,0.001342,2,SE
AV184_7577_37000,Thu Feb 10 13:56:19 2022,8,1,Red/Blue,,78.99498,181,0.497391,2.13171,6.64176,7.50231,0.00113,2,NE
AV184_7579_37000,Thu Feb 10 13:57:03 2022,1,1,Red/Blue,,129.529083,162,0.487789,6.4624,9.09811,10.7899,0.000561,2,N
AV184_7579_37000,Thu Feb 10 13:57:13 2022,2,1,Red/Blue,,110.001976,168,0.486386,6.924,9.27182,4.8468,0.000669,2,S
AV184_7579_37000,Thu Feb 10 13:57:37 2022,3,1,Red/Blue,,121.906578,179,0.503469,9.93566,6.93113,8.078,0.000389,2,W
AV184_7579_37000,Thu Feb 10 13:57:48 2022,4,1,Red/Blue,,73.448586,150,0.500763,3.4043,9.1956,7.501,0.001485,2,E
AV184_7579_37000,Thu Feb 10 13:57:56 2022,5,1,Red/Blue,,133.819717,160,0.497628,8.9435,7.70828,10.2129,0.000688,2,NW
AV184_7579_37000,Thu Feb 10 13:58:07 2022,6,1,Red/Blue,,129.153244,156,0.50079,9.17974,7.85095,5.83122,0.000501,2,SW
AV184_7579_37000,Thu Feb 10 13:58:21 2022,7,1,Red/Blue,,86.695168,165,0.498076,4.7314,9.37057,5.8277,0.001658,2,SE
AV184_7579_37000,Thu Feb 10 13:58:32 2022,8,1,Red/Blue,,105.053101,173,0.486157,3.8082,9.18566,10.5591,0.000793,2,NE
AV184_7580_37000,Thu Feb 10 13:59:23 2022,1,1,Red/Blue,,125.875916,171,0.516327,5.4815,1.96977,11.1481,0.001317,2,N
AV184_7580_37000,Thu Feb 10 13:59:32 2022,2,1,Red/Blue,,107.261543,186,0.516388,4.2121,3.10527,4.33813,0.000949,2,S
AV184_7580_37000,Thu Feb 10 13:59:47 2022,3,1,Red/Blue,,138.174835,169,0.491215,2.16673,4.616,8.3665,0.000442,2,W
AV184_7580_37000,Thu Feb 10 13:59:56 2022,4,1,Red/Blue,,95.270081,184,0.516214,8.7127,2.1132,7.7895,0.001958,2,E
AV184_7580_37000,Thu Feb 10 14:00:08 2022,5,1,Red/Blue,,116.627724,168,0.509476,2.8273,4.06149,10.4437,0.001849,2,NW
AV184_7580_37000,Thu Feb 10 14:00:23 2022,6,1,Red/Blue,,90.370728,150,0.488266,2.4234,4.33993,6.1739,0.000458,2,SW
AV184_7580_37000,Thu Feb 10 14:00:30 2022,7,1,Red/Blue,,57.273533,168,0.487476,6.4665,2.48314,5.3084,0.001065,2,SE
AV184_7580_37000,Thu Feb 10 14:00:43 2022,8,1,Red/Blue,,98.130989,183,0.512394,8.5973,2.10216,10.386,0.001459,2,NE
AV184_9227_37200,Thu Feb 10 14:01:42 2022,1,1,Red/Blue,,99.442139,186,0.515733,7.3856,8.655,8.05936,0.001507,2,N
AV184_9227_37200,Thu Feb 10 14:01:51 2022,2,1,Red/Blue,,82.971634,166,0.516423,5.4815,4.97144,11.0902,0.001327,2,S
AV184_9227_37200,Thu Feb 10 14:01:59 2022,3,1,Red/Blue,,90.181152,170,0.517959,3.5774,7.6741,8.95725,0.001509,2,W
AV184_9227_37200,Thu Feb 10 14:02:07 2022,4,1,Red/Blue,,41.856361,153,0.48156,8.7127,4.91068,8.66431,0.000913,2,E
AV184_9227_37200,Thu Feb 10 14:02:15 2022,5,1,Red/Blue,,63.110981,191,0.502226,4.5006,8.9435,7.53495,0.002265,2,NW
AV184_9227_37200,Thu Feb 10 14:02:23 2022,6,1,Red/Blue,,43.386131,150,0.495983,3.81017,6.17577,10.4462,0.000885,2,SW
AV184_9227_37200,Thu Feb 10 14:02:33 2022,7,1,Red/Blue,,79.020042,148,0.484547,7.15679,3.92766,10.1628,0.001914,2,SE
AV184_9227_37200,Thu Feb 10 14:02:46 2022,8,1,Red/Blue,,72.521233,175,0.505772,9.23443,7.15805,7.67543,0.001464,2,NE
AV184_9246_37000,Thu Feb 10 14:05:08 2022,1,1,Red/Blue,,101.467117,163,0.496628,6.45184,8.72108,9.7513,0.00165,2,N
AV184_9246_37000,Thu Feb 10 14:05:23 2022,2,1,Red/Blue,,107.143494,155,0.483233,4.67079,10.3866,5.36665,0.000687,2,S
AV184_9246_37000,Thu Feb 10 14:05:31 2022,3,1,Red/Blue,,104.96151,162,0.483858,8.1357,10.0626,6.6932,0.000786,2,W
AV184_9246_37000,Thu Feb 10 14:05:37 2022,4,1,Red/Blue,,84.042816,161,0.49147,3.17578,7.38715,7.91081,0.001649,2,E
AV184_9246_37000,Thu Feb 10 14:05:45 2022,5,1,Red/Blue,,79.611275,183,0.500725,8.655,9.43276,8.4242,0.001209,2,NW
AV184_9246_37000,Thu Feb 10 14:05:54 2022,6,1,Red/Blue,,91.742233,169,0.490592,6.6355,10.7087,5.6546,0.000872,2,SW
AV184_9246_37000,Thu Feb 10 14:06:02 2022,7,1,Red/Blue,,74.68956,169,0.51283,3.3466,8.88139,6.40009,0.001426,2,SE
AV184_9246_37000,Thu Feb 10 14:06:13 2022,8,1,Red/Blue,,97.76432,155,0.500782,4.77794,7.68629,9.5782,0.001032,2,NE
AV191_4324_37000,Thu Feb 10 14:07:01 2022,1,1,Red/Blue,,148.102539,151,0.501715,7.43892,2.48746,7.84155,0.00025,2,N
AV191_4324_37000,Thu Feb 10 14:07:10 2022,2,1,Red/Blue,,88.187218,171,0.502994,7.2125,5.84409,13.9057,0.001031,2,S
AV191_4324_37000,Thu Feb 10 14:07:17 2022,3,1,Red/Blue,,91.331833,174,0.505498,9.06246,6.40219,9.58753,0.000736,2,W
AV191_4324_37000,Thu Feb 10 14:07:23 2022,4,1,Red/Blue,,89.038742,163,0.503485,4.03905,2.25026,11.3093,0.000966,2,E
AV191_4324_37000,Thu Feb 10 14:07:36 2022,5,1,Red/Blue,,79.175095,167,0.494024,9.00192,5.3055,7.61686,0.000983,2,NW
AV191_4324_37000,Thu Feb 10 14:07:46 2022,6,1,Red/Blue,,68.792397,172,0.496486,8.71584,6.80665,12.0016,0.000568,2,SW
AV191_4324_37000,Thu Feb 10 14:07:54 2022,7,1,Red/Blue,,62.399357,159,0.487709,4.56778,4.60645,13.4441,0.00155,2,SE
AV191_4324_37000,Thu Feb 10 14:08:04 2022,8,1,Red/Blue,,108.967323,163,0.495899,5.193,1.2551,8.782,0.000734,2,NE
AV191_4628_36500,Thu Feb 10 14:08:56 2022,1,1,Red/Blue,,132.371216,184,0.508648,5.4815,3.2312,5.45631,0.00064,2,N
AV191_4628_36500,Thu Feb 10 14:09:04 2022,2,1,Red/Blue,,84.264389,160,0.488807,5.82293,8.13414,1.84124,0.000806,2,S
AV191_4628_36500,Thu Feb 10 14:09:12 2022,3,1,Red/Blue,,91.851364,162,0.491257,3.0004,6.64204,4.73683,0.001155,2,W
AV191_4628_36500,Thu Feb 10 14:09:21 2022,4,1,Red/Blue,,76.269249,176,0.492985,8.7686,5.42011,3.86526,0.000915,2,E
AV191_4628_36500,Thu Feb 10 14:09:30 2022,5,1,Red/Blue,,134.627731,157,0.480301,3.7505,4.616,5.34339,0.000463,2,NW
AV191_4628_36500,Thu Feb 10 14:09:37 2022,6,1,Red/Blue,,82.703438,139,0.481032,3.9236,7.97164,3.06811,0.000854,2,SW
AV191_4628_36500,Thu Feb 10 14:09:45 2022,7,1,Red/Blue,,86.178871,165,0.508915,8.3088,7.68976,2.8273,0.00148,2,SE
AV191_4628_36500,Thu Feb 10 14:09:54 2022,8,1,Red/Blue,,112.944992,155,0.498976,7.2702,3.5774,4.57043,0.00138,2,NE
AV200_5088_36500,Thu Feb 10 15:54:41 2022,1,1,Red/Blue,,114.709312,150,0.484186,8.13481,3.63792,4.27632,0.000554,2,N
AV200_5088_36500,Thu Feb 10 15:54:53 2022,2,1,Red/Blue,,100.07785,149,0.491425,12.3478,6.347,4.29497,0.001245,2,S
AV200_5088_36500,Thu Feb 10 15:55:01 2022,3,1,Red/Blue,,98.081055,173,0.485308,8.5973,6.95003,2.5965,0.001299,2,W
AV200_5088_36500,Thu Feb 10 15:55:12 2022,4,1,Red/Blue,,48.070713,163,0.501858,10.8476,3.97447,7.31626,0.002646,2,E
AV200_5088_36500,Thu Feb 10 15:55:22 2022,5,1,Red/Blue,,75.48526,194,0.514585,7.10204,5.77,2.81446,0.002159,2,NW
AV200_5088_36500,Thu Feb 10 15:55:33 2022,6,1,Red/Blue,,96.377144,178,0.492396,10.386,7.20908,2.70463,0.000732,2,SW
AV200_5088_36500,Thu Feb 10 15:55:43 2022,7,1,Red/Blue,,87.090752,163,0.500138,12.0593,5.23001,6.2893,0.001859,2,SE
AV200_5088_36500,Thu Feb 10 15:55:53 2022,8,1,Red/Blue,,74.037857,181,0.502289,9.16338,2.7696,6.7002,0.003211,2,NE
AV200_5089_36500,Thu Feb 10 15:56:49 2022,1,1,Red/Blue,,91.665077,159,0.498973,9.22576,3.5197,5.77,0.00058,2,N
AV200_5089_36500,Thu Feb 10 15:57:00 2022,2,1,Red/Blue,,89.627945,152,0.494831,11.4246,6.22559,8.47223,0.001425,2,S
AV200_5089_36500,Thu Feb 10 15:57:13 2022,3,1,Red/Blue,,95.862312,155,0.504916,10.386,6.60374,5.1353,0.000456,2,W
AV200_5089_36500,Thu Feb 10 15:57:23 2022,4,1,Red/Blue,,61.103615,152,0.499879,9.00304,3.86292,9.29773,0.001095,2,E
AV200_5089_36500,Thu Feb 10 15:57:36 2022,5,1,Red/Blue,,68.904274,165,0.50039,9.63362,5.08358,4.72201,0.000805,2,NW
AV200_5089_36500,Thu Feb 10 15:57:46 2022,6,1,Red/Blue,,94.927872,179,0.501207,11.4246,7.20359,6.7509,0.001573,2,SW
AV200_5089_36500,Thu Feb 10 15:57:58 2022,7,1,Red/Blue,,61.911888,171,0.49455,10.386,5.54904,9.809,0.001913,2,SE
AV200_5089_36500,Thu Feb 10 15:58:13 2022,8,1,Red/Blue,,74.44754,187,0.514994,8.40583,2.8273,7.6741,0.001564,2,NE
AV200_6301_37000,Thu Feb 10 15:59:23 2022,1,1,Red/Blue,,78.034805,155,0.484237,6.0585,2.5965,6.32571,0.000964,2,N
AV200_6301_37000,Thu Feb 10 15:59:45 2022,2,1,Red/Blue,,79.574188,155,0.486799,7.6164,5.76094,3.5774,0.000964,2,S
AV200_6301_37000,Thu Feb 10 15:59:56 2022,3,1,Red/Blue,,67.539436,174,0.507779,4.3852,5.36862,4.67572,0.001317,2,W
AV200_6301_37000,Thu Feb 10 16:00:07 2022,4,1,Red/Blue,,49.126865,170,0.497612,9.4051,4.3852,6.60686,0.000796,2,E
AV200_6301_37000,Thu Feb 10 16:00:18 2022,5,1,Red/Blue,,69.276573,157,0.481986,4.26562,3.75819,5.77195,0.001687,2,NW
AV200_6301_37000,Thu Feb 10 16:00:28 2022,6,1,Red/Blue,,52.854347,177,0.501164,5.8277,6.02692,3.6928,0.00138,2,SW
AV200_6301_37000,Thu Feb 10 16:00:43 2022,7,1,Red/Blue,,68.299088,177,0.500956,9.1166,5.51983,4.9622,0.001388,2,SE
AV200_6301_37000,Thu Feb 10 16:00:55 2022,8,1,Red/Blue,,33.30368,181,0.508281,8.02672,2.7119,6.8046,0.00136,2,NE
AV200_6913_37000,Thu Feb 10 16:01:44 2022,1,1,Red/Blue,,91.527565,173,0.517018,4.3852,8.45353,6.8663,0.001744,2,N
AV200_6913_37000,Thu Feb 10 16:01:54 2022,2,1,Red/Blue,,70.824219,155,0.48356,5.4815,9.3019,10.6075,0.000607,2,S
AV200_6913_37000,Thu Feb 10 16:02:10 2022,3,1,Red/Blue,,79.366707,177,0.517006,3.2889,7.12437,9.6936,0.000952,2,W
AV200_6913_37000,Thu Feb 10 16:02:17 2022,4,1,Red/Blue,,59.817234,170,0.490725,7.6164,9.19537,7.7895,0.001635,2,E
AV200_6913_37000,Thu Feb 10 16:02:27 2022,5,1,Red/Blue,,78.172142,172,0.503772,3.1158,7.11316,8.078,0.001797,2,NW
AV200_6913_37000,Thu Feb 10 16:02:40 2022,6,1,Red/Blue,,67.346733,156,0.475515,4.01046,8.1357,10.9053,0.000731,2,SW
AV200_6913_37000,Thu Feb 10 16:02:52 2022,7,1,Red/Blue,,68.375961,164,0.48535,7.3279,9.38081,9.8667,0.000817,2,SE
AV200_6913_37000,Thu Feb 10 16:03:07 2022,8,1,Red/Blue,,70.484955,160,0.484959,6.5201,8.83038,6.12213,0.000857,2,NE
AV200_6914_36500,Thu Feb 10 16:03:55 2022,1,1,Red/Blue,,124.872108,176,0.499222,6.9817,1.9673,8.8348,0.00056,2,N
AV200_6914_36500,Thu Feb 10 16:04:06 2022,2,1,Red/Blue,,114.013977,166,0.494055,5.93858,3.5804,3.57237,0.000701,2,S
AV200_6914_36500,Thu Feb 10 16:04:16 2022,3,1,Red/Blue,,128.763321,182,0.507511,3.40615,2.88459,6.80672,0.000462,2,W
AV200_6914_36500,Thu Feb 10 16:04:30 2022,4,1,Red/Blue,,100.108086,178,0.506211,9.2897,4.18017,6.8086,0.001554,2,E
AV200_6914_36500,Thu Feb 10 16:04:41 2022,5,1,Red/Blue,,124.362869,166,0.488589,3.8659,2.41785,8.98814,0.000557,2,NW
AV200_6914_36500,Thu Feb 10 16:05:03 2022,6,1,Red/Blue,,92.641144,186,0.510019,4.1111,3.17015,4.9045,0.001632,2,SW
AV200_6914_36500,Thu Feb 10 16:05:13 2022,7,1,Red/Blue,,101.108131,145,0.492693,7.9049,4.13756,4.5006,0.001415,2,SE
AV200_6914_36500,Thu Feb 10 16:05:29 2022,8,1,Red/Blue,,97.650009,161,0.488866,9.0012,3.10323,8.87153,0.001291,2,NE
AV200_6915_37000,Thu Feb 10 16:07:00 2022,1,1,Red/Blue,,76.983223,170,0.480147,3.45243,1.15244,8.65359,0.0012,2,N
AV200_6915_37000,Thu Feb 10 16:07:21 2022,2,1,Red/Blue,,74.735855,166,0.485136,4.04141,1.90494,4.60885,0.000864,2,S
AV200_6915_37000,Thu Feb 10 16:07:30 2022,3,1,Red/Blue,,67.785683,167,0.491243,1.731,3.38305,6.5778,0.001021,2,W
AV200_6915_37000,Thu Feb 10 16:08:00 2022,4,1,Red/Blue,,56.329506,173,0.490007,6.5778,1.57947,6.924,0.001078,2,E
AV200_6915_37000,Thu Feb 10 16:08:21 2022,5,1,Red/Blue,,74.356651,164,0.482422,1.9618,2.4924,8.08806,0.001049,2,NW
AV200_6915_37000,Thu Feb 10 16:08:32 2022,6,1,Red/Blue,,34.389572,163,0.505371,2.47493,2.82232,5.193,0.001664,2,SW
AV200_6915_37000,Thu Feb 10 16:08:49 2022,7,1,Red/Blue,,47.968315,159,0.491498,5.9431,1.79998,5.41583,0.001352,2,SE
AV200_6915_37000,Thu Feb 10 16:09:09 2022,8,1,Red/Blue,,54.465561,167,0.486314,5.8854,0.986428,8.66357,0.001824,2,NE
AV200_6916_37000,Thu Feb 10 16:10:32 2022,1,1,Red/Blue,,127.435814,173,0.503987,8.078,9.6456,6.8663,0.00046,2,N
AV200_6916_37000,Thu Feb 10 16:10:44 2022,2,1,Red/Blue,,82.056549,169,0.511165,7.39099,11.6595,11.1913,0.000623,2,S
AV200_6916_37000,Thu Feb 10 16:10:55 2022,3,1,Red/Blue,,113.821938,171,0.486279,5.18431,11.0101,8.655,0.000435,2,W
AV200_6916_37000,Thu Feb 10 16:11:07 2022,4,1,Red/Blue,,63.627113,166,0.486266,10.0398,8.77636,10.9582,0.001532,2,E
AV200_6916_37000,Thu Feb 10 16:11:20 2022,5,1,Red/Blue,,80.731598,179,0.511549,6.2316,10.2401,7.0394,0.0007,2,NW
AV200_6916_37000,Thu Feb 10 16:11:30 2022,6,1,Red/Blue,,78.947578,180,0.485657,5.47778,11.7078,10.5083,0.002253,2,SW
AV200_6916_37000,Thu Feb 10 16:11:42 2022,7,1,Red/Blue,,68.024086,177,0.509517,9.06378,10.1606,11.7664,0.000906,2,SE
AV200_6916_37000,Thu Feb 10 16:11:58 2022,8,1,Red/Blue,,114.464966,140,0.480711,9.6936,9.20321,8.078,0.000708,2,NE
AV200_6917_37000,Thu Feb 10 16:12:59 2022,1,1,Red/Blue,,85.139847,150,0.48245,3.39552,7.90793,6.9267,0.000727,2,N
AV200_6917_37000,Thu Feb 10 16:13:10 2022,2,1,Red/Blue,,107.537857,146,0.48058,4.64798,8.8281,10.8476,0.00037,2,S
AV200_6917_37000,Thu Feb 10 16:13:18 2022,3,1,Red/Blue,,72.840935,156,0.495278,2.7119,6.6685,9.809,0.00063,2,W
AV200_6917_37000,Thu Feb 10 16:13:28 2022,4,1,Red/Blue,,53.743938,180,0.497355,6.4705,9.16569,8.2511,0.001234,2,E
AV200_6917_37000,Thu Feb 10 16:13:40 2022,5,1,Red/Blue,,73.349358,161,0.484943,2.4234,6.51125,7.8919,0.000554,2,NW
AV200_6917_37000,Thu Feb 10 16:13:50 2022,6,1,Red/Blue,,61.908348,155,0.486093,3.51522,7.67622,10.7881,0.000577,2,SW
AV200_6917_37000,Thu Feb 10 16:13:59 2022,7,1,Red/Blue,,72.662621,174,0.499282,6.1739,9.20966,9.809,0.001298,2,SE
AV200_6917_37000,Thu Feb 10 16:14:09 2022,8,1,Red/Blue,,55.542625,184,0.502899,5.4238,8.83295,6.52686,0.001496,2,NE
AV200_6918_36500,Thu Feb 10 16:15:23 2022,1,1,Red/Blue,,122.69545,146,0.488423,3.39862,3.35121,8.31365,0.000662,2,N
AV200_6918_36500,Thu Feb 10 16:15:33 2022,2,1,Red/Blue,,96.027,164,0.484703,5.88175,1.26608,4.21571,0.002263,2,S
AV200_6918_36500,Thu Feb 10 16:15:47 2022,3,1,Red/Blue,,119.136276,168,0.497343,3.462,3.88641,5.0199,0.000723,2,W
AV200_6918_36500,Thu Feb 10 16:16:03 2022,4,1,Red/Blue,,61.404827,192,0.495844,6.11515,1.26821,7.78903,0.002232,2,E
AV200_6918_36500,Thu Feb 10 16:16:20 2022,5,1,Red/Blue,,94.002449,176,0.502415,2.6542,4.70992,6.8086,0.002656,2,NW
AV200_6918_36500,Thu Feb 10 16:16:27 2022,6,1,Red/Blue,,98.238411,158,0.497571,4.44697,2.60933,4.0967,0.000735,2,SW
AV200_6918_36500,Thu Feb 10 16:16:36 2022,7,1,Red/Blue,,69.136215,187,0.489755,6.85249,0.852449,5.8277,0.002136,2,SE
AV200_6918_36500,Thu Feb 10 16:16:44 2022,8,1,Red/Blue,,111.487488,149,0.491447,4.38266,2.19066,8.53627,0.000876,2,NE
AV200_6919_37000,Thu Feb 10 16:17:44 2022,1,1,Red/Blue,,78.015884,159,0.4899,7.74115,6.6355,8.54829,0.001356,2,N
AV200_6919_37000,Thu Feb 10 16:18:03 2022,2,1,Red/Blue,,52.519367,151,0.505935,7.85099,5.71999,12.1691,0.001068,2,S
AV200_6919_37000,Thu Feb 10 16:18:12 2022,3,1,Red/Blue,,65.246384,168,0.499654,5.38697,7.6741,10.8476,0.000756,2,W
AV200_6919_37000,Thu Feb 10 16:18:22 2022,4,1,Red/Blue,,49.294807,162,0.481549,8.37415,3.41646,9.6936,0.001481,2,E
AV200_6919_37000,Thu Feb 10 16:18:32 2022,5,1,Red/Blue,,63.400772,191,0.507957,5.8277,7.8472,9.25702,0.001631,2,NW
AV200_6919_37000,Thu Feb 10 16:18:49 2022,6,1,Red/Blue,,38.82481,178,0.493051,6.34776,6.8023,12.2895,0.001334,2,SW
AV200_6919_37000,Thu Feb 10 16:18:58 2022,7,1,Red/Blue,,50.174274,173,0.487771,8.0203,3.56923,11.4377,0.000974,2,SE
AV200_6919_37000,Thu Feb 10 16:19:08 2022,8,1,Red/Blue,,65.845428,180,0.506995,8.54708,4.5583,8.14336,0.001618,2,NE
AV200_6920_37000,Thu Feb 10 16:20:09 2022,1,1,Red/Blue,,59.667789,162,0.488655,7.2125,3.4043,7.76583,0.001969,2,N
AV200_6920_37000,Thu Feb 10 16:20:21 2022,2,1,Red/Blue,,99.348976,152,0.48947,8.9435,6.10648,5.0199,0.001338,2,S
AV200_6920_37000,Thu Feb 10 16:20:29 2022,3,1,Red/Blue,,71.611275,148,0.486108,5.4815,5.34667,5.4815,0.001125,2,W
AV200_6920_37000,Thu Feb 10 16:20:38 2022,4,1,Red/Blue,,41.17094,178,0.494424,9.69085,6.17304,8.88484,0.001214,2,E
AV200_6920_37000,Thu Feb 10 16:20:49 2022,5,1,Red/Blue,,55.842705,163,0.50443,5.0776,3.9236,6.89087,0.002103,2,NW
AV200_6920_37000,Thu Feb 10 16:20:58 2022,6,1,Red/Blue,,43.701824,183,0.503994,7.15813,5.88446,4.613,0.00185,2,SW
AV200_6920_37000,Thu Feb 10 16:21:13 2022,7,1,Red/Blue,,63.172878,195,0.50236,9.86828,6.74977,6.92786,0.000824,2,SE
AV200_6920_37000,Thu Feb 10 16:21:22 2022,8,1,Red/Blue,,68.074829,156,0.503967,8.7704,4.039,9.03062,0.001244,2,NE
AV200_6921_36500,Thu Feb 10 16:22:17 2022,1,1,Red/Blue,,98.668182,184,0.506252,5.71289,2.14995,10.2181,0.001952,2,N
AV200_6921_36500,Thu Feb 10 16:22:25 2022,2,1,Red/Blue,,130.414932,203,0.505781,5.8854,4.60809,14.7135,0.012436,2,S
AV200_6921_36500,Thu Feb 10 16:22:41 2022,3,1,Red/Blue,,147.616119,168,0.507478,8.8281,4.64423,11.7708,0.000901,2,W
AV200_6921_36500,Thu Feb 10 16:22:49 2022,4,1,Red/Blue,,106.785057,180,0.487914,2.8273,3.84985,12.117,0.007353,2,E
AV200_6921_36500,Thu Feb 10 16:22:56 2022,5,1,Red/Blue,,113.977898,151,0.486843,8.54395,3.57254,10.0436,0.000769,2,NW
AV200_6921_36500,Thu Feb 10 16:23:04 2022,6,1,Red/Blue,,89.565628,173,0.507268,7.7318,4.77974,13.848,0.001289,2,SW
AV200_6921_36500,Thu Feb 10 16:23:11 2022,7,1,Red/Blue,,71.891624,173,0.502168,3.9813,4.38255,13.8025,0.01009,2,SE
AV200_6921_36500,Thu Feb 10 16:23:18 2022,8,1,Red/Blue,,95.92691,176,0.49082,3.5774,2.47572,10.2776,0.002622,2,NE
AV200_6922_37000,Thu Feb 10 16:24:34 2022,1,1,Red/Blue,,148.341995,137,0.48828,5.53971,9.86619,10.5019,0.000245,2,N
AV200_6922_37000,Thu Feb 10 16:24:53 2022,2,1,Red/Blue,,85.163063,147,0.48101,3.6351,6.65186,5.8277,0.000545,2,S
AV200_6922_37000,Thu Feb 10 16:25:00 2022,3,1,Red/Blue,,136.616669,158,0.485586,7.90241,8.48308,6.97718,0.000256,2,W
AV200_6922_37000,Thu Feb 10 16:25:09 2022,4,1,Red/Blue,,74.856224,169,0.489003,2.71025,4.90571,11.1332,0.000417,2,E
AV200_6922_37000,Thu Feb 10 16:25:31 2022,5,1,Red/Blue,,143.820831,168,0.511271,8.078,9.4628,8.85666,0.000904,2,NW
AV200_6922_37000,Thu Feb 10 16:25:41 2022,6,1,Red/Blue,,108.153664,156,0.498212,6.2316,7.58547,5.5969,0.00083,2,SW
AV200_6922_37000,Thu Feb 10 16:25:50 2022,7,1,Red/Blue,,82.987892,168,0.498129,2.48058,5.53979,7.44423,0.001075,2,SE
AV200_6922_37000,Thu Feb 10 16:26:02 2022,8,1,Red/Blue,,98.753632,189,0.531127,3.49592,8.3088,11.8285,0.001231,2,NE
AV200_6938_37000,Thu Feb 10 16:27:27 2022,1,1,Red/Blue,,113.338898,158,0.503904,8.71394,8.82931,8.25254,0.000627,2,N
AV200_6938_37000,Thu Feb 10 16:27:36 2022,2,1,Red/Blue,,114.346748,160,0.504281,8.55386,6.70285,13.0979,0.000352,2,S
AV200_6938_37000,Thu Feb 10 16:27:46 2022,3,1,Red/Blue,,78.638245,188,0.507403,5.54315,8.77714,11.3669,0.002139,2,W
AV200_6938_37000,Thu Feb 10 16:27:58 2022,4,1,Red/Blue,,64.022255,204,0.506899,9.75293,3.92464,9.46627,0.001497,2,E
AV200_6938_37000,Thu Feb 10 16:28:08 2022,5,1,Red/Blue,,112.714409,156,0.496799,6.63133,9.45676,9.51575,0.000778,2,NW
AV200_6938_37000,Thu Feb 10 16:28:16 2022,6,1,Red/Blue,,84.278801,173,0.498769,6.53235,7.57154,13.271,0.002916,2,SW
AV200_6938_37000,Thu Feb 10 16:28:25 2022,7,1,Red/Blue,,100.512863,171,0.496293,9.52785,4.7314,11.7581,0.000462,2,SE
AV200_6938_37000,Thu Feb 10 16:28:33 2022,8,1,Red/Blue,,73.028008,184,0.497631,10.0364,6.63489,7.73134,0.00114,2,NE
AV200_6939_37000,Thu Feb 10 16:29:27 2022,1,1,Red/Blue,,89.942032,166,0.494529,6.6355,1.81712,8.7127,0.000305,2,N
AV200_6939_37000,Thu Feb 10 16:29:35 2022,2,1,Red/Blue,,74.220001,160,0.496266,4.8468,4.61434,12.6314,0.000973,2,S
AV200_6939_37000,Thu Feb 10 16:29:43 2022,3,1,Red/Blue,,69.421951,150,0.49338,8.1357,4.73195,11.0186,0.000811,2,W
AV200_6939_37000,Thu Feb 10 16:29:52 2022,4,1,Red/Blue,,65.07869,165,0.497281,2.2503,4.20238,8.9512,0.001062,2,E
AV200_6939_37000,Thu Feb 10 16:30:00 2022,5,1,Red/Blue,,125.280212,150,0.50593,8.13672,3.23058,9.52117,0.00051,2,NW
AV200_6939_37000,Thu Feb 10 16:30:20 2022,6,1,Red/Blue,,57.145195,163,0.512078,6.9817,5.0212,12.2779,0.000846,2,SW
AV200_6939_37000,Thu Feb 10 16:30:31 2022,7,1,Red/Blue,,105.573318,162,0.487931,2.885,4.47199,11.0784,0.000557,2,SE
AV200_6939_37000,Thu Feb 10 16:30:50 2022,8,1,Red/Blue,,57.853268,156,0.479319,4.0967,1.8464,8.28851,0.000627,2,NE
AV200_6940_37000,Thu Feb 10 16:31:44 2022,1,1,Red/Blue,,97.669037,175,0.513242,6.0585,2.2503,7.74624,0.000791,2,N
AV200_6940_37000,Thu Feb 10 16:31:54 2022,2,1,Red/Blue,,76.685005,196,0.508648,5.6546,5.47634,3.93605,0.001844,2,S
AV200_6940_37000,Thu Feb 10 16:32:11 2022,3,1,Red/Blue,,99.649391,164,0.51223,3.11877,4.84781,6.57875,0.000804,2,W
AV200_6940_37000,Thu Feb 10 16:32:22 2022,4,1,Red/Blue,,44.667709,187,0.511357,9.17438,4.61607,6.69335,0.001227,2,E
AV200_6940_37000,Thu Feb 10 16:32:42 2022,5,1,Red/Blue,,66.488525,164,0.49326,3.462,3.4043,8.15432,0.003162,2,NW
AV200_6940_37000,Thu Feb 10 16:32:58 2022,6,1,Red/Blue,,102.517281,165,0.493599,3.7505,5.40841,5.0199,0.001476,2,SW
AV200_6940_37000,Thu Feb 10 16:33:12 2022,7,1,Red/Blue,,48.644642,122,0.496405,7.5587,4.41578,5.1353,0.003101,2,SE
AV200_6940_37000,Thu Feb 10 16:33:25 2022,8,1,Red/Blue,,105.634285,166,0.501736,8.4242,2.72082,8.13117,0.000649,2,NE
AV200_6941_37000,Thu Feb 10 16:34:07 2022,1,1,Red/Blue,,101.368576,181,0.500974,5.193,7.7895,9.19468,0.001043,2,N
AV200_6941_37000,Thu Feb 10 16:34:16 2022,2,1,Red/Blue,,105.912025,165,0.497348,3.6928,5.15978,12.7517,0.000992,2,S
AV200_6941_37000,Thu Feb 10 16:34:31 2022,3,1,Red/Blue,,72.974319,175,0.503163,2.3657,5.37782,9.1743,0.001356,2,W
AV200_6941_37000,Thu Feb 10 16:34:44 2022,4,1,Red/Blue,,67.79113,169,0.511556,7.57265,5.41248,11.3669,0.001146,2,E
AV200_6941_37000,Thu Feb 10 16:34:54 2022,5,1,Red/Blue,,109.829117,157,0.499456,3.29789,6.80035,8.07139,0.000798,2,NW
AV200_6941_37000,Thu Feb 10 16:35:04 2022,6,1,Red/Blue,,54.099941,172,0.497069,2.5965,5.23719,11.2515,0.001252,2,SW
AV200_6941_37000,Thu Feb 10 16:35:14 2022,7,1,Red/Blue,,70.743233,163,0.4972,5.8277,5.22089,12.5786,0.00116,2,SE
AV200_6941_37000,Thu Feb 10 16:35:25 2022,8,1,Red/Blue,,74.321144,177,0.502757,6.99323,7.5587,9.74187,0.002111,2,NE
AV200_6942_37000,Thu Feb 10 16:38:46 2022,1,1,Red/Blue,,93.823448,195,0.513873,5.6457,2.0171,8.65588,0.00209,2,N
AV200_6942_37000,Thu Feb 10 16:38:57 2022,2,1,Red/Blue,,140.142792,193,0.513797,5.0199,5.69274,13.7326,0.000517,2,S
AV200_6942_37000,Thu Feb 10 16:39:11 2022,3,1,Red/Blue,,115.683746,144,0.487921,8.42129,4.49971,10.6177,0.000582,2,W
AV200_6942_37000,Thu Feb 10 16:39:26 2022,4,1,Red/Blue,,54.436737,183,0.501779,2.308,5.8277,8.90267,0.001247,2,E
AV200_6942_37000,Thu Feb 10 16:39:42 2022,5,1,Red/Blue,,47.779804,168,0.500637,7.7895,2.99654,9.17713,0.001728,2,NW
AV200_6942_37000,Thu Feb 10 16:39:48 2022,6,1,Red/Blue,,110.132484,171,0.500886,7.501,5.67077,12.6363,0.000661,2,SW
AV200_6942_37000,Thu Feb 10 16:40:00 2022,7,1,Red/Blue,,104.920616,166,0.50211,3.46046,6.74773,11.7679,0.000794,2,SE
AV200_6942_37000,Thu Feb 10 16:40:11 2022,8,1,Red/Blue,,46.094139,156,0.499929,2.98933,3.1158,8.54642,0.001555,2,NE
AV200_6943_36500,Thu Feb 10 16:41:18 2022,1,1,Red/Blue,,94.791496,166,0.501485,8.53305,2.5965,7.32138,0.001591,2,N
AV200_6943_36500,Thu Feb 10 16:41:29 2022,2,1,Red/Blue,,103.45089,155,0.496924,8.64113,4.74247,11.1361,0.001411,2,S
AV200_6943_36500,Thu Feb 10 16:41:41 2022,3,1,Red/Blue,,88.84935,172,0.503302,9.63343,5.65584,7.84451,0.000761,2,W
AV200_6943_36500,Thu Feb 10 16:41:52 2022,4,1,Red/Blue,,55.005379,173,0.499534,6.17776,2.1265,9.87253,0.0029,2,E
AV200_6943_36500,Thu Feb 10 16:42:08 2022,5,1,Red/Blue,,114.512627,162,0.496777,9.4051,4.3275,6.31805,0.001156,2,NW
AV200_6943_36500,Thu Feb 10 16:42:25 2022,6,1,Red/Blue,,68.496178,177,0.498825,9.46979,5.93674,9.7513,0.000721,2,SW
AV200_6943_36500,Thu Feb 10 16:42:38 2022,7,1,Red/Blue,,70.150673,162,0.498707,6.9817,3.49698,11.1938,0.001561,2,SE
AV200_6943_36500,Thu Feb 10 16:42:49 2022,8,1,Red/Blue,,106.278229,165,0.501634,7.4433,1.6733,8.0472,0.002024,2,NE
AV200_6946_37000,Thu Feb 10 16:43:44 2022,1,1,Red/Blue,,112.888245,165,0.498942,6.1162,2.93435,5.59315,0.001122,2,N
AV200_6946_37000,Thu Feb 10 16:44:01 2022,2,1,Red/Blue,,81.22287,164,0.498916,6.28895,6.86618,2.48077,0.000615,2,S
AV200_6946_37000,Thu Feb 10 16:44:10 2022,3,1,Red/Blue,,93.177086,151,0.501516,3.6928,5.6603,4.96805,0.001301,2,W
AV200_6946_37000,Thu Feb 10 16:44:17 2022,4,1,Red/Blue,,55.054745,166,0.501566,9.4051,5.0883,4.68457,0.000683,2,E
AV200_6946_37000,Thu Feb 10 16:44:24 2022,5,1,Red/Blue,,82.133316,196,0.545564,4.04362,3.8659,6.12069,0.001408,2,NW
AV200_6946_37000,Thu Feb 10 16:44:38 2022,6,1,Red/Blue,,83.929657,161,0.501338,4.3275,7.03363,3.39399,0.001347,2,SW
AV200_6946_37000,Thu Feb 10 16:44:53 2022,7,1,Red/Blue,,82.916107,164,0.502104,8.19882,6.05693,3.17144,0.001565,2,SE
AV200_6946_37000,Thu Feb 10 16:45:06 2022,8,1,Red/Blue,,95.647552,168,0.498605,7.8472,2.99976,5.3659,0.001918,2,NE
AV200_6947_36500,Thu Feb 10 16:46:03 2022,1,1,Red/Blue,,84.696732,158,0.496613,4.4429,4.6737,4.01971,0.001379,2,N
AV200_6947_36500,Thu Feb 10 16:46:12 2022,2,1,Red/Blue,,97.217331,176,0.502973,8.25639,7.2159,2.4811,0.001583,2,S
AV200_6947_36500,Thu Feb 10 16:46:22 2022,3,1,Red/Blue,,116.85199,164,0.497563,4.5006,8.37383,3.58558,0.000578,2,W
AV200_6947_36500,Thu Feb 10 16:46:31 2022,4,1,Red/Blue,,65.458946,154,0.496729,8.4242,3.9813,4.63823,0.001108,2,E
AV200_6947_36500,Thu Feb 10 16:46:42 2022,5,1,Red/Blue,,101.110558,160,0.50193,3.00306,7.32607,4.84543,0.00269,2,NW
AV200_6947_36500,Thu Feb 10 16:46:55 2022,6,1,Red/Blue,,120.556831,172,0.500985,6.2316,8.3088,2.68552,0.00104,2,SW
AV200_6947_36500,Thu Feb 10 16:47:07 2022,7,1,Red/Blue,,63.821922,159,0.500218,8.95275,5.4851,3.57974,0.001028,2,SE
AV200_6947_36500,Thu Feb 10 16:47:25 2022,8,1,Red/Blue,,59.635113,184,0.500995,6.1162,3.1735,4.70995,0.003227,2,NE
AV200_6951_36500,Thu Feb 10 16:48:12 2022,1,1,Red/Blue,,57.264259,153,0.499964,3.8659,7.32475,6.86363,0.001715,2,N
AV200_6951_36500,Thu Feb 10 16:48:25 2022,2,1,Red/Blue,,91.776482,163,0.4976,3.81046,8.07506,10.791,0.000577,2,S
AV200_6951_36500,Thu Feb 10 16:48:40 2022,3,1,Red/Blue,,53.221237,189,0.50206,2.2503,6.02056,9.2897,0.000831,2,W
AV200_6951_36500,Thu Feb 10 16:48:50 2022,4,1,Red/Blue,,64.875435,169,0.499838,6.45763,8.25471,8.6501,0.001783,2,E
AV200_6951_36500,Thu Feb 10 16:49:04 2022,5,1,Red/Blue,,57.691883,176,0.501177,2.5388,6.019,7.3279,0.001491,2,NW
AV200_6951_36500,Thu Feb 10 16:49:14 2022,6,1,Red/Blue,,61.927486,158,0.496097,2.59477,6.98323,10.6149,0.000664,2,SW
AV200_6951_36500,Thu Feb 10 16:49:26 2022,7,1,Red/Blue,,70.731262,179,0.498809,5.36405,8.48347,9.86296,0.001202,2,SE
AV200_6951_36500,Thu Feb 10 16:49:40 2022,8,1,Red/Blue,,60.626678,173,0.497943,5.82518,7.90592,6.80972,0.001978,2,NE
AV200_6952_36900,Thu Feb 10 16:50:37 2022,1,1,Red/Blue,,149.712158,175,0.499648,2.10499,5.0199,9.232,0.001291,2,N
AV200_6952_36900,Thu Feb 10 16:50:47 2022,2,1,Red/Blue,,70.819939,175,0.503014,1.51247,6.4172,4.8468,0.001064,2,S
AV200_6952_36900,Thu Feb 10 16:50:56 2022,3,1,Red/Blue,,84.848991,178,0.499516,2.28429,7.501,8.0203,0.001274,2,W
AV200_6952_36900,Thu Feb 10 16:51:08 2022,4,1,Red/Blue,,84.552406,168,0.496673,2.07968,3.45813,6.11227,0.001392,2,E
AV200_6952_36900,Thu Feb 10 16:51:31 2022,5,1,Red/Blue,,139.771881,181,0.494185,2.46932,6.2316,9.1166,0.000793,2,NW
AV200_6952_36900,Thu Feb 10 16:51:42 2022,6,1,Red/Blue,,57.19582,195,0.499366,1.95396,7.77634,6.2316,0.001513,2,SW
AV200_6952_36900,Thu Feb 10 16:52:04 2022,7,1,Red/Blue,,76.382004,195,0.502519,1.89093,4.616,4.9045,0.010651,2,SE
AV200_6952_36900,Thu Feb 10 16:52:12 2022,8,1,Red/Blue,,112.836334,178,0.507081,2.0773,3.1733,8.36683,0.001127,2,NE
AV200_6963_37000,Thu Feb 10 16:52:54 2022,1,1,Red/Blue,,103.727242,165,0.500655,8.30932,4.44379,8.99389,0.000392,2,N
AV200_6963_37000,Thu Feb 10 16:53:04 2022,2,1,Red/Blue,,70.86145,194,0.502943,8.92541,6.5778,4.4429,0.002667,2,S
AV200_6963_37000,Thu Feb 10 16:53:15 2022,3,1,Red/Blue,,75.952812,177,0.498809,7.97459,3.7505,5.5969,0.001396,2,W
AV200_6963_37000,Thu Feb 10 16:53:28 2022,4,1,Red/Blue,,57.705063,170,0.503179,7.87114,8.3088,8.078,0.001481,2,E
AV200_6963_37000,Thu Feb 10 16:53:38 2022,5,1,Red/Blue,,50.77499,189,0.499098,7.61594,2.94128,7.27096,0.001621,2,NW
AV200_6963_37000,Thu Feb 10 16:53:50 2022,6,1,Red/Blue,,79.248375,186,0.497921,8.36896,4.90058,4.33233,0.007993,2,SW
AV200_6963_37000,Thu Feb 10 16:53:59 2022,7,1,Red/Blue,,28.893974,171,0.499269,8.42197,8.1357,6.05175,0.001449,2,SE
AV200_6963_37000,Thu Feb 10 16:54:13 2022,8,1,Red/Blue,,89.057533,178,0.498482,8.13383,6.17678,9.75523,0.001447,2,NE
AV200_6964_37000,Thu Feb 10 16:54:58 2022,1,1,Red/Blue,,108.283333,169,0.507923,6.0008,2.5965,7.02466,0.000887,2,N
AV200_6964_37000,Thu Feb 10 16:55:07 2022,2,1,Red/Blue,,100.88221,170,0.50251,7.2125,6.02023,10.0398,0.000739,2,S
AV200_6964_37000,Thu Feb 10 16:55:22 2022,3,1,Red/Blue,,120.511932,151,0.501814,8.3665,4.08988,7.10371,0.001228,2,W
AV200_6964_37000,Thu Feb 10 16:55:34 2022,4,1,Red/Blue,,48.391869,196,0.502897,3.87493,4.78057,9.06691,0.0032,2,E
AV200_6964_37000,Thu Feb 10 16:55:46 2022,5,1,Red/Blue,,75.943474,177,0.496878,7.7895,3.1735,5.90099,0.003541,2,NW
AV200_6964_37000,Thu Feb 10 16:55:55 2022,6,1,Red/Blue,,81.947479,155,0.504278,8.36784,5.0769,8.59835,0.000579,2,SW
AV200_6964_37000,Thu Feb 10 16:56:09 2022,7,1,Red/Blue,,67.007729,175,0.502504,5.3084,6.03161,9.9244,0.000874,2,SE
AV200_6964_37000,Thu Feb 10 16:56:18 2022,8,1,Red/Blue,,86.658638,159,0.500852,4.67655,3.04998,8.02328,0.002061,2,NE
AV200_6965_37000,Thu Feb 10 16:57:06 2022,1,1,Red/Blue,,133.640854,174,0.502028,5.4238,3.4774,9.0012,0.000516,2,N
AV200_6965_37000,Thu Feb 10 16:57:16 2022,2,1,Red/Blue,,69.607864,176,0.49968,9.46428,2.1355,7.32717,0.001772,2,S
AV200_6965_37000,Thu Feb 10 16:57:27 2022,3,1,Red/Blue,,75.372643,164,0.50091,7.15029,3.11351,5.25863,0.000341,2,W
AV200_6965_37000,Thu Feb 10 16:57:43 2022,4,1,Red/Blue,,72.757744,157,0.487255,10.1597,5.36464,9.92529,0.001072,2,E
AV200_6965_37000,Thu Feb 10 16:57:55 2022,5,1,Red/Blue,,44.147781,177,0.503007,5.5969,3.60679,5.9431,0.001245,2,NW
AV200_6965_37000,Thu Feb 10 16:58:03 2022,6,1,Red/Blue,,75.097321,161,0.501596,8.50131,2.2503,5.9431,0.000823,2,SW
AV200_6965_37000,Thu Feb 10 16:58:21 2022,7,1,Red/Blue,,93.123543,174,0.503179,10.8476,3.5197,8.6303,0.001407,2,SE
AV200_6965_37000,Thu Feb 10 16:58:37 2022,8,1,Red/Blue,,68.194214,161,0.49746,7.50055,3.98163,10.5591,0.001455,2,NE
AV200_6966_37000,Thu Feb 10 16:59:20 2022,1,1,Red/Blue,,74.180138,183,0.501309,6.1162,3.15393,9.5782,0.001685,2,N
AV200_6966_37000,Thu Feb 10 16:59:28 2022,2,1,Red/Blue,,89.793808,180,0.505831,6.4624,1.83758,4.27521,0.001478,2,S
AV200_6966_37000,Thu Feb 10 16:59:38 2022,3,1,Red/Blue,,81.310982,187,0.505752,3.7505,2.56181,6.6355,0.001004,2,W
AV200_6966_37000,Thu Feb 10 16:59:51 2022,4,1,Red/Blue,,45.196899,173,0.497501,8.8281,3.41176,6.9817,0.001204,2,E
AV200_6966_37000,Thu Feb 10 17:00:06 2022,5,1,Red/Blue,,83.303589,180,0.502028,4.32773,2.88492,8.59667,0.001462,2,NW
AV200_6966_37000,Thu Feb 10 17:00:24 2022,6,1,Red/Blue,,83.11071,177,0.501031,4.616,2.05664,5.0199,0.000952,2,SW
AV200_6966_37000,Thu Feb 10 17:00:34 2022,7,1,Red/Blue,,64.349953,152,0.501984,8.1934,2.93671,4.73817,0.000671,2,SE
AV200_6966_37000,Thu Feb 10 17:00:42 2022,8,1,Red/Blue,,74.609612,149,0.49766,8.078,3.62197,9.0589,0.001289,2,NE
AV200_6967_36500,Thu Feb 10 17:01:28 2022,1,1,Red/Blue,,92.052643,188,0.504276,8.7704,7.501,6.54325,0.001442,2,N
AV200_6967_36500,Thu Feb 10 17:01:40 2022,2,1,Red/Blue,,90.748451,152,0.502509,7.01656,8.655,11.3092,0.001475,2,S
AV200_6967_36500,Thu Feb 10 17:01:49 2022,3,1,Red/Blue,,106.150726,188,0.50603,5.78877,9.9244,8.0203,0.000987,2,W
AV200_6967_36500,Thu Feb 10 17:01:58 2022,4,1,Red/Blue,,44.221233,163,0.501637,8.71305,5.48179,10.2132,0.001641,2,E
AV200_6967_36500,Thu Feb 10 17:02:10 2022,5,1,Red/Blue,,61.614609,175,0.498948,6.99127,9.17772,6.41044,0.002847,2,NW
AV200_6967_36500,Thu Feb 10 17:02:17 2022,6,1,Red/Blue,,104.694641,160,0.500272,6.43574,9.809,9.7513,0.001557,2,SW
AV200_6967_36500,Thu Feb 10 17:02:25 2022,7,1,Red/Blue,,105.3666,160,0.505609,7.36931,6.4624,11.7708,0.002374,2,SE
AV200_6967_36500,Thu Feb 10 17:02:32 2022,8,1,Red/Blue,,71.214165,180,0.505054,9.57836,6.00097,7.84796,0.001561,2,NE
AV200_6976_37000,Thu Feb 10 17:03:14 2022,1,1,Red/Blue,,71.462761,166,0.50432,7.9049,5.3661,5.39583,0.001994,2,N
AV200_6976_37000,Thu Feb 10 17:03:25 2022,2,1,Red/Blue,,105.633377,159,0.503367,5.77363,8.0641,2.5965,0.001028,2,S
AV200_6976_37000,Thu Feb 10 17:03:36 2022,3,1,Red/Blue,,85.07193,162,0.499896,5.18681,5.1353,3.0004,0.000764,2,W
AV200_6976_37000,Thu Feb 10 17:03:43 2022,4,1,Red/Blue,,46.446426,167,0.504815,6.8093,8.94132,5.65335,0.001137,2,E
AV200_6976_37000,Thu Feb 10 17:03:55 2022,5,1,Red/Blue,,71.933105,163,0.500117,6.23147,4.1544,4.2699,0.00127,2,NW
AV200_6976_37000,Thu Feb 10 17:04:04 2022,6,1,Red/Blue,,103.414268,163,0.502189,5.42784,6.4047,2.41262,0.000987,2,SW
AV200_6976_37000,Thu Feb 10 17:04:13 2022,7,1,Red/Blue,,53.024979,178,0.504898,5.83136,9.22358,4.08713,0.001098,2,SE
AV200_6976_37000,Thu Feb 10 17:04:23 2022,8,1,Red/Blue,,39.868202,186,0.504221,8.078,7.3279,6.64809,0.002266,2,NE
AV200_6977_37000,Thu Feb 10 17:05:07 2022,1,1,Red/Blue,,84.680168,154,0.507431,7.501,6.6355,7.42526,0.0009,2,N
AV200_6977_37000,Thu Feb 10 17:05:17 2022,2,1,Red/Blue,,67.859161,143,0.501136,5.16758,6.5201,4.3275,0.001242,2,S
AV200_6977_37000,Thu Feb 10 17:05:34 2022,3,1,Red/Blue,,67.172333,182,0.498943,6.97717,4.20581,5.4815,0.002444,2,W
AV200_6977_37000,Thu Feb 10 17:05:45 2022,4,1,Red/Blue,,47.182926,173,0.502281,4.21545,8.42439,7.32632,0.000789,2,E
AV200_6977_37000,Thu Feb 10 17:05:56 2022,5,1,Red/Blue,,59.056515,190,0.500808,7.8472,4.42884,6.87756,0.002566,2,NW
AV200_6977_37000,Thu Feb 10 17:06:05 2022,6,1,Red/Blue,,29.502653,161,0.502307,5.90802,4.8468,4.2698,0.00149,2,SW
AV200_6977_37000,Thu Feb 10 17:06:15 2022,7,1,Red/Blue,,48.92606,173,0.502717,3.47585,7.63076,5.5392,0.001621,2,SE
AV200_6977_37000,Thu Feb 10 17:06:25 2022,8,1,Red/Blue,,81.47049,158,0.501592,6.0585,8.12305,7.91252,0.001477,2,NE
AV120_SHELL3_2N1E,Thu Feb 10 17:09:00 2022,1,1,Red/Blue,,138.066147,161,0.501781,14.1365,6.0585,20.329901,0.000747,2,N
AV120_SHELL3_2N1E,Thu Feb 10 17:09:13 2022,2,1,Red/Blue,,105.300209,161,0.503288,15.4059,10.5381,24.8687,0.001203,2,S
AV120_SHELL3_2N1E,Thu Feb 10 17:09:30 2022,3,1,Red/Blue,,118.957481,166,0.502241,17.377001,9.22034,19.7911,0.000323,2,W
AV120_SHELL3_2N1E,Thu Feb 10 17:09:41 2022,4,1,Red/Blue,,94.874535,158,0.503644,10.6168,8.88234,23.139999,0.001064,2,E
AV120_SHELL3_2N1E,Thu Feb 10 17:09:51 2022,5,1,Red/Blue,,141.090866,151,0.502092,16.2099,7.21845,19.0341,0.000458,2,NW
AV120_SHELL3_2N1E,Thu Feb 10 17:10:03 2022,6,1,Red/Blue,,101.786514,166,0.501815,17.143499,10.2106,22.6852,0.000892,2,SW
AV120_SHELL3_2N1E,Thu Feb 10 17:10:14 2022,7,1,Red/Blue,,93.717453,167,0.507407,12.3478,10.3355,24.279301,0.00128,2,SE
AV120_SHELL3_2N1E,Thu Feb 10 17:10:26 2022,8,1,Red/Blue,,112.207893,162,0.504326,11.6588,6.11133,21.524099,0.000768,2,NE
AV120_SHELL4_2N1E,Thu Feb 10 17:11:20 2022,1,1,Red/Blue,,82.524345,160,0.504704,4.61515,2.65527,14.83,0.001519,2,N
AV120_SHELL4_2N1E,Thu Feb 10 17:11:29 2022,2,1,Red/Blue,,49.928745,163,0.505857,5.24982,4.55778,19.0397,0.001192,2,S
AV120_SHELL4_2N1E,Thu Feb 10 17:11:43 2022,3,1,Red/Blue,,106.957893,175,0.499386,7.4679,2.1926,17.0215,0.000537,2,W
AV120_SHELL4_2N1E,Thu Feb 10 17:11:55 2022,4,1,Red/Blue,,30.636436,193,0.501723,3.3466,5.84502,15.6944,0.001193,2,E
AV120_SHELL4_2N1E,Thu Feb 10 17:12:10 2022,5,1,Red/Blue,,110.854691,164,0.502952,6.40638,1.61659,15.578,0.001621,2,NW
AV120_SHELL4_2N1E,Thu Feb 10 17:12:20 2022,6,1,Red/Blue,,71.247429,178,0.501961,6.9126,3.45514,18.867901,0.001337,2,SW
AV120_SHELL4_2N1E,Thu Feb 10 17:12:34 2022,7,1,Red/Blue,,29.56661,201,0.497691,3.98899,5.9524,17.5408,0.001431,2,SE
AV120_SHELL4_2N1E,Thu Feb 10 17:12:47 2022,8,1,Red/Blue,,63.115871,179,0.50309,3.5259,4.039,14.3125,0.002153,2,NE